lga_canonical,year,lga_code,ndvi,nlr,no2,population,z_nlr,z_no2,z_ndvi,urbanicity_index
Agege,2005,1,0.228272,,,60768.0,,,-0.8541898853435215,0.8541898853435215
Agege,2006,1,0.213066,,,60768.0,,,-0.8308850249420868,0.8308850249420868
Agege,2007,1,0.176743,,,62713.0,,,-0.9276482730996566,0.9276482730996566
Agege,2008,1,0.201189,,,64720.0,,,-0.8182986513123969,0.8182986513123969
Agege,2009,1,0.18387,,,66791.0,,,-0.9893087593273884,0.9893087593273884
Agege,2010,1,0.198523,,,68928.0,,,-0.8971530733837251,0.8971530733837251
Agege,2011,1,0.155677,,,71134.0,,,-1.0314954857724394,1.0314954857724394
Agege,2012,1,0.163862,12.21544,,73410.0,0.4618693012821914,,-1.0350669615956458,0.7484681314389185
Agege,2013,1,0.207543,11.929992,,75759.0,0.4747307560735064,,-0.980531169468382,0.7276309627709442
Agege,2014,1,0.190736,13.274172,,78183.0,0.695535599178093,,-0.9320661852971548,0.8138008922376239
Agege,2015,1,0.143209,12.119159,,80685.0,0.5522502297660927,,-1.0300263573014845,0.7911382935337886
Agege,2016,1,0.142176,10.310596,,83267.0,0.4237700711338736,,-1.1365682138990012,0.7801691425164374
Agege,2017,1,0.158045,10.17346,,85931.0,0.3154149945980848,,-1.0267598187209968,0.6710874066595408
Agege,2018,1,0.171624,13.179918,,88681.0,0.5008945501590593,,-0.9588704984788996,0.7298825243189794
Agege,2019,1,0.169235,11.296992,7.1e-05,91519.0,0.4056763342784161,0.8025031255199495,-0.9263047662045624,0.711494742000976
Agege,2020,1,0.166098,13.775872,7e-05,94448.0,0.4951025105070627,0.9770514091057684,-0.9568320903100256,0.8096620033076188
Agege,2021,1,0.157295,12.695503,8.6e-05,97470.0,0.3246790931261814,0.7032810866388233,-0.9562503273277674,0.6614035023642574
Agege,2022,1,0.150156,13.174402,9.3e-05,100589.0,0.3056628464198518,1.217869834551771,-0.9538510635709372,0.8257945815141866
Agege,2023,1,0.166518,12.91286,8.8e-05,103808.0,0.2506421756601706,1.266228899858714,-0.9684134087168732,0.8284281614119192
Agege,2024,1,0.174968,13.724284,7.9e-05,107129.0,0.2412553164460004,1.3046683710884592,-1.0050681932120693,0.8503306269155096
Agege,2025,1,0.194881,14.678763,6.4e-05,110557.0,0.1696831366743756,0.5835325496880666,-0.7069817350578097,0.4867324738067506
Agege,2026,1,0.180614,13.393101,6.7e-05,110557.0,0.175225545992682,0.7763138124736401,-0.9316259519502964,0.6277217701388729
Ajeromi/Ifelodun,2005,2,0.260692,,,103259.0,,,-0.5912529259959547,0.5912529259959547
Ajeromi/Ifelodun,2006,2,0.219495,,,103259.0,,,-0.7760641774554445,0.7760641774554445
Ajeromi/Ifelodun,2007,2,0.216635,,,106563.0,,,-0.5913617277394498,0.5913617277394498
Ajeromi/Ifelodun,2008,2,0.212034,,,109969.0,,,-0.7293083714245172,0.7293083714245172
Ajeromi/Ifelodun,2009,2,0.23555,,,113484.0,,,-0.5673224893564209,0.5673224893564209
Ajeromi/Ifelodun,2010,2,0.217995,,,117116.0,,,-0.740486430826891,0.740486430826891
Ajeromi/Ifelodun,2011,2,0.189538,,,120863.0,,,-0.7430565987520518,0.7430565987520518
Ajeromi/Ifelodun,2012,2,0.209028,13.547128,,124731.0,0.673652685928206,,-0.6499328262130712,0.6617927560706387
Ajeromi/Ifelodun,2013,2,0.223278,11.217214,,128722.0,0.3589387966275427,,-0.8603422940870823,0.6096405453573125
Ajeromi/Ifelodun,2014,2,0.207345,11.868055,,132842.0,0.4617979860242069,,-0.7964472254904429,0.6291226057573249
Ajeromi/Ifelodun,2015,2,0.188826,11.372149,,137093.0,0.420505465670798,,-0.6390258048277124,0.5297656352492552
Ajeromi/Ifelodun,2016,2,0.208333,10.22303,,141480.0,0.4071527182856062,,-0.5915639930927128,0.4993583556891595
Ajeromi/Ifelodun,2017,2,0.209967,10.842203,,146007.0,0.4392696105321458,,-0.5734635748094752,0.5063665926708105
Ajeromi/Ifelodun,2018,2,0.20263,15.239718,,150675.0,0.8253140047806915,,-0.70178247611516,0.7635482404479257
Ajeromi/Ifelodun,2019,2,0.178026,13.073224,5.1e-05,155496.0,0.727286984315742,-0.2710796510953675,-0.8569911974858975,0.4377328435687573
Ajeromi/Ifelodun,2020,2,0.180382,14.992652,5.2e-05,160472.0,0.6898354048856921,-0.0986015183501234,-0.8423299340581331,0.4778546068645672
Ajeromi/Ifelodun,2021,2,0.194386,15.275471,6.3e-05,165607.0,0.7367835998452469,-0.2317168898174151,-0.6585434121186365,0.3878700407154894
Ajeromi/Ifelodun,2022,2,0.157507,17.26135,5.7e-05,170906.0,0.9244358632591037,-0.3620694102721488,-0.8864667481808481,0.4829444003892676
Ajeromi/Ifelodun,2023,2,0.182693,16.931964,5.1e-05,176375.0,0.8553875166676032,-0.4983838796054074,-0.8372729908263569,0.3980922092961842
Ajeromi/Ifelodun,2024,2,0.191424,18.224181,4.5e-05,182019.0,0.9014305306451252,-0.6156227378729084,-0.8651809935015142,0.3836629287579103
Ajeromi/Ifelodun,2025,2,0.172085,21.402421,4.3e-05,187844.0,1.0502803660762483,-0.648043685834486,-0.9313144744761922,0.4445170515726516
Ajeromi/Ifelodun,2026,2,0.167873,19.798567,4.7e-05,187844.0,1.1322684685067934,-0.4366765195164223,-1.0484319815989314,0.5813413101964341
Alimosho,2005,3,0.398805,,,2047026.0,,,0.5288893400858014,-0.5288893400858014
Alimosho,2006,3,0.361067,,,2047026.0,,,0.4311371011849242,-0.4311371011849242
Alimosho,2007,3,0.31002,,,2112539.0,,,0.1958667651529329,-0.1958667651529329
Alimosho,2008,3,0.352393,,,2180540.0,,,0.4224285298924879,-0.4224285298924879
Alimosho,2009,3,0.335609,,,2251117.0,,,0.2496961675132581,-0.2496961675132581
Alimosho,2010,3,0.331895,,,2324353.0,,,0.1759233158464559,-0.1759233158464559
Alimosho,2011,3,0.29315,,,2400332.0,,,0.1395437367949316,-0.1395437367949316
Alimosho,2012,3,0.318655,7.897337,,2479143.0,-0.2248549679085713,,0.2848654702839738,-0.2548602190962725
Alimosho,2013,3,0.347768,6.593788,,2560915.0,-0.3921443679670633,,0.0905514520977297,-0.2413479100323965
Alimosho,2014,3,0.337632,6.870851,,2645784.0,-0.3688829142159954,,0.2673969202339856,-0.3181399172249906
Alimosho,2015,3,0.274881,7.43092,,2733849.0,-0.2745806574741862,,0.0985841332026372,-0.1865823953384117
Alimosho,2016,3,0.288718,5.51142,,2825292.0,-0.4869669840352085,,0.0706511056801076,-0.278809044857658
Alimosho,2017,3,0.30031,5.26495,,2920301.0,-0.5936661036092958,,0.2152607147729487,-0.4044634091911223
Alimosho,2018,3,0.298792,6.819855,,3018991.0,-0.5008183199347477,,0.0955502467946608,-0.2981842833647042
Alimosho,2019,3,0.298708,6.748616,5e-05,3121555.0,-0.4178682038079213,-0.3247587899261332,0.0945387877383017,-0.2790552604907854
Alimosho,2020,3,0.29532,8.445411,5.1e-05,3228125.0,-0.3579819409980597,-0.158360014319895,0.0790260471292119,-0.1984560008157222
Alimosho,2021,3,0.274134,7.923259,6.4e-05,3338865.0,-0.4376029427607058,-0.1910648038845353,-0.0184546823972011,-0.2034043547493466
Alimosho,2022,3,0.263598,7.80972,6.5e-05,3453905.0,-0.5065619397832589,-0.010971800311278,0.0860362315565945,-0.2011899905503772
Alimosho,2023,3,0.289173,8.218292,6.2e-05,3573430.0,-0.4557386808796402,0.0262307305055477,0.026024177456932,-0.1518440426103415
Alimosho,2024,3,0.288844,9.107866,5.6e-05,3697619.0,-0.4360145726165039,0.0056479150263574,-0.0370446908883472,-0.131107322233933
Alimosho,2025,3,0.302357,10.232456,5e-05,3826663.0,-0.4126495199345942,-0.237518273993635,0.3506768674044673,-0.3336148871108988
Alimosho,2026,3,0.292551,8.634386,5e-05,3826663.0,-0.5357757318240671,-0.2547279697179127,0.0945820804474152,-0.295028593996465
Amuwo Odofin,2005,4,0.44739,,,328975.0,,,0.9229298141728322,-0.9229298141728322
Amuwo Odofin,2006,4,0.410017,,,328975.0,,,0.8485395719379407,-0.8485395719379407
Amuwo Odofin,2007,4,0.395008,,,338851.5625,,,0.9123091826068904,-0.9123091826068904
Amuwo Odofin,2008,4,0.404998,,,348728.125,,,0.8540867754897141,-0.8540867754897141
Amuwo Odofin,2009,4,0.42149,,,358604.6875,,,0.9509462226869548,-0.9509462226869548
Amuwo Odofin,2010,4,0.426406,,,368481.25,,,0.9363342163543112,-0.9363342163543112
Amuwo Odofin,2011,4,0.353566,,,378357.8125,,,0.6541866533722249,-0.6541866533722249
Amuwo Odofin,2012,4,0.400244,4.200781,,388234.375,-0.8127322644025943,,0.9805814728462746,-0.8966568686244345
Amuwo Odofin,2013,4,0.431147,3.643479,,398110.9375,-0.8714269216949585,,0.7274264594328043,-0.7994266905638814
Amuwo Odofin,2014,4,0.428452,3.981502,,407987.5,-0.8491769002986386,,1.0089776252520812,-0.9290772627753598
Amuwo Odofin,2015,4,0.375078,4.214966,,417864.0625,-0.8417552616579586,,0.9574104996058328,-0.8995828806318956
Amuwo Odofin,2016,4,0.391729,3.478188,,427740.625,-0.872812330018674,,0.9192601688098836,-0.8960362494142787
Amuwo Odofin,2017,4,0.395098,4.109101,,437617.1875,-0.8077352362548242,,1.0427913254559986,-0.9252632808554114
Amuwo Odofin,2018,4,0.390511,4.650811,,447493.75,-0.8424437551859003,,0.8560435810905974,-0.8492436681382489
Amuwo Odofin,2019,4,0.390676,4.480895,4e-05,457370.3125,-0.8284695356797119,-0.8615501782337915,0.8196702048601526,-0.8365633062578853
Amuwo Odofin,2020,4,0.399838,5.576711,4e-05,467246.875,-0.8170873290747653,-0.8157034699873843,0.916854132198892,-0.8498816437536806
Amuwo Odofin,2021,4,0.371455,5.849273,4.7e-05,477123.4375,-0.7688857251332964,-0.882150264743494,0.7626818384587428,-0.8045726094451778
Amuwo Odofin,2022,4,0.327781,6.168155,4.7e-05,487000.0,-0.755098531731022,-0.8009414227232379,0.6743816967561712,-0.7434738837368103
Amuwo Odofin,2023,4,0.389853,6.100212,4.2e-05,505700.0,-0.774441310092774,-0.9276140151507344,0.8422972700824158,-0.848117531775308
Amuwo Odofin,2024,4,0.379908,6.34835,3.8e-05,524400.0,-0.8408602982822051,-1.010976789717896,0.7370612859250943,-0.8629661246417318
Amuwo Odofin,2025,4,0.320796,7.263924,3.5e-05,543100.0,-0.8014380416873069,-1.1172155850811731,0.5321328852205561,-0.8169288373296788
Amuwo Odofin,2026,4,0.323188,6.283593,3.7e-05,543100.0,-0.887008538765157,-1.0431716855114532,0.3754537804980567,-0.7685446682582223
Apapa,2005,5,0.213372,,,522384.0,,,-0.9750338302626684,0.9750338302626684
Apapa,2006,5,0.20385,,,522384.0,,,-0.9094709528370776,0.9094709528370776
Apapa,2007,5,0.206749,,,539080.0,,,-0.6746999606540945,0.6746999606540945
Apapa,2008,5,0.186841,,,556326.0,,,-0.9360333249713456,0.9360333249713456
Apapa,2009,5,0.195465,,,574128.0,,,-0.8946313057609533,0.8946313057609533
Apapa,2010,5,0.198187,,,592500.0,,,-0.8998564419077133,0.8998564419077133
Apapa,2011,5,0.175025,,,611460.0,,,-0.8666829998425952,0.8666829998425952
Apapa,2012,5,0.184009,17.438429,,631026.0,1.292501017111201,,-0.8632718629472659,1.0778864400292334
Apapa,2013,5,0.241046,17.949747,,651219.0,1.4526498652977486,,-0.7246247257505753,1.088637295524162
Apapa,2014,5,0.208758,19.660261,,672058.0,1.7570896521113035,,-0.7849095296504235,1.2709995908808636
Apapa,2015,5,0.189067,20.420945,,693564.0,2.0163763300052078,,-0.6369601027178371,1.3266682163615222
Apapa,2016,5,0.198447,18.579871,,715758.0,1.9930259521191327,,-0.6730052876932986,1.3330156199062158
Apapa,2017,5,0.180657,17.888832,,738662.0,1.744341257524813,,-0.8293495751377886,1.2868454163313008
Apapa,2018,5,0.179159,20.262284,,762295.0,1.616370477506759,,-0.8963936150205114,1.2563820462636353
Apapa,2019,5,0.169573,17.403142,6.1e-05,786688.0,1.5112767686391395,0.2657117372122908,-0.9236397694775792,0.9002094251096698
Apapa,2020,5,0.205362,19.420652,5.8e-05,811866.0,1.3984904257675037,0.2599494574685074,-0.642087434536131,0.7668424392573807
Apapa,2021,5,0.183825,19.19677,7.5e-05,837845.0,1.3631421399872043,0.2561081413771436,-0.7433101407461643,0.7875201407035041
Apapa,2022,5,0.163297,19.725856,6.3e-05,864656.0,1.297567552881393,-0.0987462028014956,-0.833391631039151,0.6774043270396829
Apapa,2023,5,0.199215,18.188823,6.1e-05,892325.0,1.0445042015190675,-0.0214615067772665,-0.7033192359956233,0.5754539769124748
Apapa,2024,5,0.205452,19.979863,5.3e-05,920879.0,1.1590048129932653,-0.1637895357643513,-0.7459334462518992,0.5803829078269377
Apapa,2025,5,0.164983,22.587845,5.1e-05,950347.0,1.2055353017179018,-0.1788717865877993,-1.001204416367285,0.6759559771657958
Apapa,2026,5,0.175099,20.657721,5.3e-05,950347.0,1.2606349690938996,-0.0727794199194034,-0.982185974987124,0.7233471747205401
Badagry,2005,6,0.48892,,,380420.0,,,1.2597518968904282,-1.2597518968904282
Badagry,2006,6,0.488597,,,380420.0,,,1.5186005760599433,-1.5186005760599433
Badagry,2007,6,0.480949,,,392593.0,,,1.6367853180426053,-1.6367853180426053
Badagry,2008,6,0.484341,,,405116.0,,,1.505147704686952,-1.505147704686952
Badagry,2009,6,0.512439,,,418000.0,,,1.6935783679576497,-1.6935783679576497
Badagry,2010,6,0.509898,,,431264.0,,,1.6080891116067346,-1.6080891116067346
Badagry,2011,6,0.484621,,,444944.0,,,1.7705552880391546,-1.7705552880391546
Badagry,2012,6,0.486287,0.843883,,459058.0,-1.3465924631514277,,1.7142770936832514,-1.5304347784173395
Badagry,2013,6,0.543205,0.935828,,473748.0,-1.311289283869188,,1.5833606823420956,-1.4473249831056418
Badagry,2014,6,0.507587,1.005012,,488948.0,-1.3439562594674777,,1.6551457500220328,-1.4995510047447551
Badagry,2015,6,0.454727,1.156374,,504614.0,-1.3811770652533,,1.6401121898525273,-1.5106446275529135
Badagry,2016,6,0.493284,0.91512,,520762.0,-1.3592043695100593,,1.7558746411103598,-1.5575395053102097
Badagry,2017,6,0.470761,1.224583,,537426.0,-1.3419626884223774,,1.7033543566003584,-1.5226585225113678
Badagry,2018,6,0.483962,1.395409,,554624.0,-1.35517107891353,,1.6308978924469093,-1.4930344856802198
Badagry,2019,6,0.509138,1.164664,2.2e-05,572372.0,-1.4289176796068177,-1.8277746771875767,1.753696365427835,-1.6701295740740765
Badagry,2020,6,0.50202,1.302192,2.2e-05,590688.0,-1.5011793234751043,-1.8913563974432763,1.735956577601503,-1.709497432839961
Badagry,2021,6,0.494263,1.238099,2.4e-05,609590.0,-1.5054396617192467,-1.817148241199732,1.7483870187721058,-1.6903249738970283
Badagry,2022,6,0.436076,1.227349,2.4e-05,629097.0,-1.5031475488062274,-1.810347051360742,1.6670880544176732,-1.6601942181948808
Badagry,2023,6,0.48518,1.212272,2.4e-05,649228.0,-1.5099184070088698,-1.786074286241388,1.615170383915446,-1.6370543590552344
Badagry,2024,6,0.491427,1.31464,2.3e-05,670003.0,-1.579350663165285,-1.8581640436714408,1.685048684109428,-1.7075211303153843
Badagry,2025,6,0.444685,1.44889,2.4e-05,691443.0,-1.5630328207908382,-1.7623269465453673,1.7513098791582633,-1.6922232154981562
Badagry,2026,6,0.488115,1.403045,2.3e-05,691443.0,-1.6162129278588468,-1.8922649179044968,1.8874597495633116,-1.7986458651088852
Epe,2005,7,0.426879,,,323634.0,,,0.7565787971099713,-0.7565787971099713
Epe,2006,7,0.39402,,,323634.0,,,0.7121312506992069,-0.7121312506992069
Epe,2007,7,0.415314,,,333989.0,,,1.0834872280817816,-1.0834872280817816
Epe,2008,7,0.432308,,,344676.0,,,1.078183091187086,-1.078183091187086
Epe,2009,7,0.416375,,,355705.0,,,0.9091803602469104,-0.9091803602469104
Epe,2010,7,0.425341,,,367088.0,,,0.9277655036220276,-0.9277655036220276
Epe,2011,7,0.409884,,,378835.0,,,1.133921488114678,-1.133921488114678
Epe,2012,7,0.390636,0.091385,,390957.0,-1.4662650691817865,,0.8986532796753988,-1.1824591744285926
Epe,2013,7,0.478223,0.16041,,403467.0,-1.437257214430555,,1.087007743033063,-1.2621324787318091
Epe,2014,7,0.409583,0.112102,,416378.0,-1.4923839167401205,,0.8549048844132081,-1.1736444005766642
Epe,2015,7,0.383075,0.207251,,429706.0,-1.5485670409329009,,1.0259558098658836,-1.287261425399392
Epe,2016,7,0.412761,0.175624,,443460.0,-1.49953812875317,,1.0925226923825644,-1.2960304105678673
Epe,2017,7,0.386262,0.425692,,457651.0,-1.489921378050797,,0.9656501211263848,-1.2277857495885909
Epe,2018,7,0.440357,0.563543,,472296.0,-1.486190359444785,,1.2693445409932922,-1.3777674502190385
Epe,2019,7,0.43598,0.401927,2.8e-05,487409.0,-1.5670214534255078,-1.5056998442029816,1.1768743815443068,-1.4165318930575987
Epe,2020,7,0.429091,0.68775,2.8e-05,503006.0,-1.5995143298754346,-1.5328054216246458,1.1513494820194332,-1.4278897445065046
Epe,2021,7,0.442379,0.746987,3.2e-05,519102.0,-1.5838861651269684,-1.4919315537366928,1.331945682903282,-1.4692544672556478
Epe,2022,7,0.386382,0.765038,3.1e-05,535713.0,-1.5731424624160826,-1.50313664264498,1.2115587156889167,-1.4292792735833266
Epe,2023,7,0.447791,0.662031,3.2e-05,552856.0,-1.5927119055551306,-1.4045363879788753,1.3120353555068822,-1.4364278830136294
Epe,2024,7,0.439097,1.537345,3.2e-05,570547.0,-1.546677843970042,-1.349851691299314,1.2402080690843096,-1.3789125347845552
Epe,2025,7,0.374632,1.763738,3.4e-05,588804.0,-1.5217971903523595,-1.1758620724870088,1.0619265928590906,-1.2531952852328196
Epe,2026,7,0.424437,3.527341,3.3e-05,588804.0,-1.298821117157637,-1.2857697519094655,1.303677129991396,-1.2960893330194994
Eti Osa,2005,8,0.351613,,,983515.0,,,0.1461465582989295,-0.1461465582989295
Eti Osa,2006,8,0.334248,,,983515.0,,,0.2024482990781793,-0.2024482990781793
Eti Osa,2007,8,0.322836,,,1014987.0,,,0.3039046766473781,-0.3039046766473781
Eti Osa,2008,8,0.318788,,,1047467.0,,,0.1466776441725986,-0.1466776441725986
Eti Osa,2009,8,0.325416,,,1080986.0,,,0.1664665612862056,-0.1664665612862056
Eti Osa,2010,8,0.327601,,,1115577.0,,,0.1413749097690602,-0.1413749097690602
Eti Osa,2011,8,0.29606,,,1151275.0,,,0.164332052592732,-0.164332052592732
Eti Osa,2012,8,0.2967,9.262336,,1188116.0,-0.0077740088112265,,0.0976534093902831,-0.0527137091007548
Eti Osa,2013,8,0.346855,9.231708,,1226148.0,0.0363900784688485,,0.0835776711493264,-0.0235937963402389
Eti Osa,2014,8,0.299227,9.618876,,1265409.0,0.0879189055381274,,-0.0461948764651988,0.0670568910016631
Eti Osa,2015,8,0.276551,10.652228,,1305942.0,0.293538193060995,,0.1128983345449263,0.0903199292580343
Eti Osa,2016,8,0.291281,10.3884,,1347792.0,0.4385348944786261,,0.0917652102786616,0.1733848420999822
Eti Osa,2017,8,0.274227,10.441912,,1391001.0,0.3651336748036803,,-0.0124525075594773,0.1887930911815788
Eti Osa,2018,8,0.285182,11.742135,,1435633.0,0.2744430613134164,,-0.0172978466185655,0.145870453965991
Eti Osa,2019,8,0.28741,11.28067,4.8e-05,1481733.0,0.4027210170507629,-0.4321170675876649,0.005458512526895,-0.0116181876879323
Eti Osa,2020,8,0.284344,13.377806,4.5e-05,1529349.0,0.4313962165724784,-0.5169109901385255,-0.0089588077448274,-0.0255186552737398
Eti Osa,2021,8,0.25553,14.763909,5.5e-05,1578528.0,0.6550705686502016,-0.5569335772804545,-0.1677776839488085,0.0886382251061852
Eti Osa,2022,8,0.240273,16.140546,5.3e-05,1629309.0,0.754743644917813,-0.5376182152525845,-0.1277767403484291,0.1149673900045525
Eti Osa,2023,8,0.264678,17.13609,4.9e-05,1681735.0,0.8861018867059207,-0.5937683541710357,-0.1725714662047804,0.1549683329132218
Eti Osa,2024,8,0.279544,17.970058,4.8e-05,1735851.0,0.8641484093081427,-0.4461852870821995,-0.1161010203309918,0.1780213808523116
Eti Osa,2025,8,0.221926,20.194928,4.6e-05,1791698.0,0.8921350543542431,-0.4721042236169785,-0.4408350892616105,0.2869553066662917
Eti Osa,2026,8,0.260536,18.244203,4.7e-05,1791698.0,0.9000303978947998,-0.4366765195164223,-0.1989227495660097,0.2207588759814624
Ibeju Lekki,2005,9,0.583855,,,99540.0,,,2.029706253326618,-2.029706253326618
Ibeju Lekki,2006,9,0.538861,,,99540.0,,,1.947207681063613,-1.947207681063613
Ibeju Lekki,2007,9,0.562794,,,102729.0,,,2.326732483013179,-2.326732483013179
Ibeju Lekki,2008,9,0.538373,,,106016.0,,,1.9485154135760177,-1.9485154135760177
Ibeju Lekki,2009,9,0.521191,,,109409.0,,,1.765041677454281,-1.765041677454281
Ibeju Lekki,2010,9,0.555097,,,112906.0,,,1.9717484982607167,-1.9717484982607167
Ibeju Lekki,2011,9,0.52654,,,116519.0,,,2.127634810351184,-2.127634810351184
Ibeju Lekki,2012,9,0.520031,0.333048,,120248.0,-1.4278324873129782,,2.0020149111643124,-1.7149236992386454
Ibeju Lekki,2013,9,0.612128,0.394476,,124096.0,-1.3992328074206886,,2.109816218275068,-1.7545245128478784
Ibeju Lekki,2014,9,0.522102,0.369889,,128067.0,-1.4495322066177758,,1.7736663835095643,-1.61159929506367
Ibeju Lekki,2015,9,0.497143,0.561954,,132165.0,-1.4860106319706463,,2.003675761190571,-1.7448431965806086
Ibeju Lekki,2016,9,0.512168,0.604036,,136394.0,-1.4182386133198754,,1.9114418479925632,-1.6648402306562191
Ibeju Lekki,2017,9,0.471937,0.843088,,140759.0,-1.4126175090422042,,1.7136212258049337,-1.5631193674235688
Ibeju Lekki,2018,9,0.50993,1.397887,,145263.0,-1.354780792765092,,1.8462130496662084,-1.60049692121565
Ibeju Lekki,2019,9,0.512803,1.499284,2.7e-05,149911.0,-1.3683302362348426,-1.5593789830337477,1.78259344532249,-1.5701008881970264
Ibeju Lekki,2020,9,0.518832,2.602914,2.7e-05,154708.0,-1.2930123912096498,-1.5925639175944175,1.8707234671917303,-1.585433258665266
Ibeju Lekki,2021,9,0.540523,2.852667,2.9e-05,159659.0,-1.2475408237474623,-1.6138878115353326,2.119687924586842,-1.6603721866232124
Ibeju Lekki,2022,9,0.470701,2.521846,2.9e-05,164768.0,-1.3071578239603616,-1.5909110451351978,1.9844845882745408,-1.6275178191233666
Ibeju Lekki,2023,9,0.525541,2.902524,2.7e-05,170041.0,-1.2555900735971208,-1.6429975743929457,1.9424011972990096,-1.613662948429692
Ibeju Lekki,2024,9,0.53533,4.400062,3e-05,175482.0,-1.1266916068036188,-1.4628099918264532,2.058254063842808,-1.54925188749096
Ibeju Lekki,2025,9,0.430249,5.117738,2.9e-05,181097.0,-1.0825239394800097,-1.469094509516188,1.6092469108197929,-1.3869551199386636
Ibeju Lekki,2026,9,0.486266,6.808597,3e-05,181097.0,-0.8085675069196052,-1.467718301707975,1.87050861944634,-1.3822648093579737
Ifako/Ijaye,2005,10,0.270841,,,744323.0,,,-0.5089411678090805,0.5089411678090805
Ifako/Ijaye,2006,10,0.23925,,,744323.0,,,-0.6076109433446001,0.6076109433446001
Ifako/Ijaye,2007,10,0.209484,,,768141.0,,,-0.6516441173381372,0.6516441173381372
Ifako/Ijaye,2008,10,0.247111,,,792562.0,,,-0.4414787681393941,0.4414787681393941
Ifako/Ijaye,2009,10,0.252024,,,817604.0,,,-0.4328062004341739,0.4328062004341739
Ifako/Ijaye,2010,10,0.248019,,,843275.0,,,-0.498921143433383,0.498921143433383
Ifako/Ijaye,2011,10,0.193684,,,869580.0,,,-0.7077396374813709,0.7077396374813709
Ifako/Ijaye,2012,10,0.208131,8.964466,,896542.0,-0.0551454026996661,,-0.6575816177695111,0.3012181075349225
Ifako/Ijaye,2013,10,0.240766,8.828159,,924179.0,-0.0291671208869945,,-0.7267634537522764,0.3487981664326409
Ifako/Ijaye,2014,10,0.231169,11.206993,,952509.0,0.351910221331273,,-0.6019149780080479,0.4769125996696605
Ifako/Ijaye,2015,10,0.174531,10.766425,,981589.0,0.3136782940307149,,-0.7615536540420969,0.5376159740364059
Ifako/Ijaye,2016,10,0.180005,9.036054,,1011459.0,0.1819009194775658,,-0.8249312795023223,0.503416099489944
Ifako/Ijaye,2017,10,0.18566,7.728998,,1041826.0,-0.1373118409357554,,-0.7856717293635631,0.3241799442139038
Ifako/Ijaye,2018,10,0.210246,8.51579,,1073165.0,-0.2337077714476429,,-0.6386339765240411,0.202463102538199
Ifako/Ijaye,2019,10,0.208118,9.394585,5.7e-05,1105506.0,0.0612200065545834,0.0509951818892276,-0.6197276427273866,0.2439809437237325
Ifako/Ijaye,2020,10,0.20619,11.944565,5.7e-05,1138882.0,0.202021006368398,0.2001909614987358,-0.6354500930787963,0.3458873536486433
Ifako/Ijaye,2021,10,0.204453,10.778862,7.1e-05,1173322.0,0.0185294068267634,0.0934997976456244,-0.57774172126613,0.2299236419128393
Ifako/Ijaye,2022,10,0.183061,10.688931,7.4e-05,1208864.0,-0.0706429908299669,0.3840130108947019,-0.652221231179306,0.3218637504146803
Ifako/Ijaye,2023,10,0.216932,10.081813,7.2e-05,1245544.0,-0.1753389592950503,0.5031531033336886,-0.5596769000595317,0.2958303480327233
Ifako/Ijaye,2024,10,0.214865,11.43586,6.5e-05,1283401.0,-0.0944769912886918,0.513960267398484,-0.6659165399031233,0.3617999386709718
Ifako/Ijaye,2025,10,0.220324,12.616134,6.2e-05,1322470.0,-0.1004593040452379,0.4662395748763952,-0.4566001817580245,0.2741268175297273
Ifako/Ijaye,2026,10,0.220425,11.089952,6.3e-05,1322470.0,-0.1688887541917937,0.5337157460756276,-0.5666495100429261,0.31049216730892
Ikeja,2005,11,0.248341,,,648720.0,,,-0.6914236349688663,0.6914236349688663
Ikeja,2006,11,0.23125,,,648720.0,,,-0.675827894642335,0.675827894642335
Ikeja,2007,11,0.199085,,,669475.0,,,-0.7393069014853544,0.7393069014853544
Ikeja,2008,11,0.225759,,,690858.0,,,-0.6166858180394412,0.6166858180394412
Ikeja,2009,11,0.217819,,,712885.0,,,-0.7121026471129074,0.7121026471129074
Ikeja,2010,11,0.224499,,,735577.0,,,-0.6881569401125499,0.6881569401125499
Ikeja,2011,11,0.207429,,,758955.0,,,-0.5906553073642677,0.5906553073642677
Ikeja,2012,11,0.212822,16.964649,,783042.0,1.2171539898964268,,-0.6175810813244051,0.917367535610416
Ikeja,2013,11,0.252973,16.451308,,807859.0,1.2092259830788108,,-0.6335225511924081,0.9213742671356094
Ikeja,2014,11,0.235121,15.739421,,833430.0,1.105331808945847,,-0.5696453573712773,0.8374885831585621
Ikeja,2015,11,0.18091,15.499634,,859779.0,1.1484402157168052,,-0.7068768334657725,0.9276585245912888
Ikeja,2016,11,0.188286,16.377754,,886928.0,1.575131390278147,,-0.7567120441606823,1.1659217172194145
Ikeja,2017,11,0.187381,16.10462,,914890.0,1.4138960909885756,,-0.7706468297878202,1.092271460388198
Ikeja,2018,11,0.214713,19.021383,,943682.0,1.4209279949067792,,-0.6015955905374958,1.0112617927221377
Ikeja,2019,11,0.203638,15.496732,7.5e-05,973320.0,1.166095644023854,1.0172196808430125,-0.6550506762684648,0.9461220003784436
Ikeja,2020,11,0.217056,17.401555,7.4e-05,1003862.0,1.075355099051739,1.2160853929848556,-0.5483470106205869,0.9465958342190608
Ikeja,2021,11,0.192169,18.066039,9.9e-05,1035985.0,1.1825277521393875,1.231758203766262,-0.676337923752689,1.0302079598861127
Ikeja,2022,11,0.196596,18.738716,9.3e-05,1069136.0,1.1481123614175677,1.217869834551771,-0.5281501240095529,0.9647107733262972
Ikeja,2023,11,0.20213,18.496315,8.9e-05,1103349.0,1.0907718159916109,1.3139211371415278,-0.6796855841779507,1.0281261791036964
Ikeja,2024,11,0.224361,20.134943,7.9e-05,1138656.0,1.181756438690031,1.3046683710884592,-0.5851940770657733,1.023872962281421
Ikeja,2025,11,0.244058,20.549368,7.7e-05,1175093.0,0.9385560475084458,1.345936885963933,-0.2230366952974222,0.8358432095899336
Ikeja,2026,11,0.23548,19.802553,7.5e-05,1175093.0,1.1328640181653415,1.2615099452696643,-0.4286293564945236,0.9410011066431764
Ikorodu,2005,12,0.52269,,,689045.0,,,1.533637804267582,-1.533637804267582
Ikorodu,2006,12,0.495033,,,689045.0,,,1.573481113378971,-1.573481113378971
Ikorodu,2007,12,0.424655,,,711094.0,,,1.1622311521820945,-1.1622311521820945
Ikorodu,2008,12,0.486569,,,733849.0,,,1.5234298940451994,-1.5234298940451994
Ikorodu,2009,12,0.480811,,,757332.0,,,1.435324077194458,-1.435324077194458
Ikorodu,2010,12,0.474345,,,781566.0,,,1.3220389296622443,-1.3220389296622443
Ikorodu,2011,12,0.42396,,,806576.0,,,1.253825382674761,-1.253825382674761
Ikorodu,2012,12,0.407117,2.456858,,832382.0,-1.090074941893141,,1.0391880997887633,-1.064631520840952
Ikorodu,2013,12,0.51135,2.463251,,859018.0,-1.0631569031379755,,1.3400421805771567,-1.2015995418575662
Ikorodu,2014,12,0.473492,2.800139,,886506.0,-1.0455538503592057,,1.3767467835213507,-1.2111503169402782
Ikorodu,2015,12,0.390591,4.001196,,914874.0,-0.87945633422814,,1.0903782872842338,-0.9849173107561868
Ikorodu,2016,12,0.425403,3.592991,,944150.0,-0.8510262262907473,,1.1966680339100384,-1.0238471301003929
Ikorodu,2017,12,0.397187,3.573009,,974363.0,-0.9070222101226968,,1.0610289868236495,-0.9840255984731732
Ikorodu,2018,12,0.443769,3.784818,,1005542.0,-0.9788380540334348,,1.297635334139944,-1.1382366940866897
Ikorodu,2019,12,0.448524,3.625283,4.8e-05,1037719.0,-0.9833895751226094,-0.4321170675876649,1.275778875459326,-0.8970951727232
Ikorodu,2020,12,0.428353,4.208637,4.8e-05,1070890.0,-1.036033243491627,-0.3376355022292102,1.1454335907205044,-0.8397007788137806
Ikorodu,2021,12,0.40855,4.460824,6.1e-05,1105119.0,-0.9906660302570732,-0.313021061683175,1.0604208592369024,-0.788035983725717
Ikorodu,2022,12,0.408317,4.757616,5.5e-05,1140483.0,-0.968657273461874,-0.4498438127623666,1.412629992805173,-0.9437103596764714
Ikorodu,2023,12,0.433431,4.820848,5.5e-05,1177018.0,-0.9669442705667086,-0.3076149304741509,1.1956102302575582,-0.8233898104328059
Ikorodu,2024,12,0.432704,5.821628,5.1e-05,1214779.0,-0.9181351357225712,-0.2767478362914907,1.1858632181029298,-0.7935820633723306
Ikorodu,2025,12,0.396697,5.581695,5.6e-05,1253808.0,-1.0217595090521674,0.1143606504413799,1.279065647748835,-0.7288215021198742
Ikorodu,2026,12,0.408841,4.715401,5.6e-05,1253808.0,-1.1213126557089124,0.1091691298791057,1.1606972352892448,-0.7242802537063504
Kosofe,2005,13,0.387332,,,934614.0,,,0.435839502498058,-0.435839502498058
Kosofe,2006,13,0.338996,,,934614.0,,,0.2429350596733853,-0.2429350596733853
Kosofe,2007,13,0.290039,,,964522.0,,,0.0274284451177803,-0.0274284451177803
Kosofe,2008,13,0.3574,,,995347.0,,,0.4635142220454259,-0.4635142220454259
Kosofe,2009,13,0.354004,,,1027118.0,,,0.3998981302863995,-0.3998981302863995
Kosofe,2010,13,0.369155,,,1059786.0,,,0.475707575381565,-0.475707575381565
Kosofe,2011,13,0.337033,,,1093295.0,,,0.5133532426900815,-0.5133532426900815
Kosofe,2012,13,0.331076,8.994393,,1127680.0,-0.0503859985807573,,0.3907803419924923,-0.2205831702866248
Kosofe,2013,13,0.411346,8.933937,,1162978.0,-0.0119833106595812,,0.5761801981410902,-0.2940817544003357
Kosofe,2014,13,0.355634,8.609726,,1199217.0,-0.0798312264311497,,0.4143902680839721,-0.2471107472575609
Kosofe,2015,13,0.333805,8.816546,,1236432.0,-0.0302077970113985,,0.6036440133781106,-0.3169259051947546
Kosofe,2016,13,0.33178,9.109766,,1274662.0,0.1958892061773292,,0.4253977198911572,-0.114754256856914
Kosofe,2017,13,0.31802,9.557552,,1313947.0,0.2013456902603708,,0.3698748760085146,-0.0842645928740718
Kosofe,2018,13,0.335559,11.394115,,1354313.0,0.2196297500223102,,0.4004059301542558,-0.0903880900659727
Kosofe,2019,13,0.358664,10.398523,7.5e-05,1395799.0,0.2429964596176817,1.0172196808430125,0.567268207155465,0.2309826444350763
Kosofe,2020,13,0.349392,11.374734,7e-05,1438464.0,0.1108255232599735,0.9770514091057684,0.5124733022994955,0.191801210022082
Kosofe,2021,13,0.317729,11.711056,9.2e-05,1482351.0,0.1674310011630003,0.9471936022361028,0.3314558880522895,0.2610562384489378
Kosofe,2022,13,0.303531,12.4118,8.6e-05,1527506.0,0.1902032075432016,0.9106594258360088,0.4520895394701338,0.2162576979696922
Kosofe,2023,13,0.364243,12.909245,8.3e-05,1573974.0,0.2500982349192139,1.0277677134446437,0.6346616532554525,0.2144014317028016
Kosofe,2024,13,0.362581,13.167653,7.2e-05,1621797.0,0.1595925606862855,0.909314319243472,0.5897699934248031,0.1597122955016515
Kosofe,2025,13,0.35332,13.786798,7.7e-05,1671014.0,0.052862514964669,1.345936885963933,0.8521977218955635,0.1822005596776794
Kosofe,2026,13,0.339784,13.019771,7.6e-05,1671014.0,0.1194461797042351,1.322159461869168,0.5276014037653626,0.3046680792693469
Lagos Island,2005,14,0.2188,,,212700.0,,,-0.9310109488518544,0.9310109488518544
Lagos Island,2006,14,0.218437,,,212700.0,,,-0.78508586926457,0.78508586926457
Lagos Island,2007,14,0.197652,,,219087.5,,,-0.751386983193496,0.751386983193496
Lagos Island,2008,14,0.195386,,,225475.0,,,-0.8659160412791435,0.8659160412791435
Lagos Island,2009,14,0.189279,,,231862.5,,,-0.945142278401054,0.945142278401054
Lagos Island,2010,14,0.201878,,,238250.0,,,-0.8701596168421177,0.8701596168421177
Lagos Island,2011,14,0.182141,,,244637.5,,,-0.8060666234793136,0.8060666234793136
Lagos Island,2012,14,0.182683,2.575412,,251025.0,-1.0712208504067542,,-0.8745787722046119,-0.0983210391010711
Lagos Island,2013,14,0.225959,2.83164,,257412.5,-1.003311503661085,,-0.839863973470796,-0.0817237650951444
Lagos Island,2014,14,0.190853,2.879198,,263800.0,-1.032411941145155,,-0.9311108346861976,-0.0506505532294787
Lagos Island,2015,14,0.170454,3.064331,,270187.5,-1.044684454888022,,-0.7964991623489905,-0.1240926462695156
Lagos Island,2016,14,0.200683,2.805955,,276575.0,-1.0003816258326796,,-0.6545850232054462,-0.1728983013136167
Lagos Island,2017,14,0.167428,3.053175,,282962.5,-1.003298119432352,,-0.9448431233583026,-0.0292274980370247
Lagos Island,2018,14,0.181828,3.30354,,289350.0,-1.0546395620834348,,-0.8742634488691596,-0.0901880566071375
Lagos Island,2019,14,0.199881,3.226126,6.1e-05,295737.5,-1.055662308772802,0.2657117372122908,-0.6846731398876236,-0.0350924772242958
Lagos Island,2020,14,0.192595,3.765754,5.6e-05,302125.0,-1.1069120288604617,0.1404324655289638,-0.744429147562448,-0.0740168052563499
Lagos Island,2021,14,0.186943,3.872584,7.2e-05,308512.5,-1.0846270231966846,0.1341518835785042,-0.7182838496884395,-0.0773970966432469
Lagos Island,2022,14,0.174454,4.135218,6.8e-05,314900.0,-1.0628897149156715,0.1206898034240488,-0.7311189053137771,-0.0703603353926152
Lagos Island,2023,14,0.205722,4.102222,6.3e-05,326966.6666666667,-1.0750742730316378,0.0739229677883617,-0.6505630876671171,-0.1168627391920529
Lagos Island,2024,14,0.212264,4.36125,6.1e-05,339033.3333333333,-1.1323856750041792,0.2880436663442057,-0.6880268101053081,-0.0521050661848884
Lagos Island,2025,14,0.147062,4.783263,6.1e-05,351100.0,-1.1263301173528568,0.4075930874705591,-1.1775628574585657,0.1529419425254226
Lagos Island,2026,14,0.223112,4.366772,6.1e-05,351100.0,-1.1734014369206418,0.4124167128766213,-0.5420158233883557,-0.0729896335518882
Lagos Mainland,2005,15,0.158693,,,326700.0,,,-1.4184986667884432,1.4184986667884432
Lagos Mainland,2006,15,0.1616,,,326700.0,,,-1.2697417268782412,1.2697417268782412
Lagos Mainland,2007,15,0.169525,,,336506.25,,,-0.9884954676351518,0.9884954676351518
Lagos Mainland,2008,15,0.128828,,,346312.5,,,-1.4120677285799736,1.4120677285799736
Lagos Mainland,2009,15,0.150417,,,356118.75,,,-1.2624648485173802,1.2624648485173802
Lagos Mainland,2010,15,0.164361,,,365925.0,,,-1.1720116314684914,1.1720116314684914
Lagos Mainland,2011,15,0.15925,,,375731.25,,,-1.0010595227670986,1.0010595227670986
Lagos Mainland,2012,15,0.12824,15.348488,,385537.5,0.9601297869953812,,-1.33881863698417,1.1494742119897756
Lagos Mainland,2013,15,0.206452,16.212597,,395343.75,1.1704469881725346,,-0.988864570360724,1.0796557792666293
Lagos Mainland,2014,15,0.166648,14.577891,,405150.0,0.912251681327282,,-1.1287540956965807,1.0205028885119314
Lagos Mainland,2015,15,0.13116,13.096322,,414956.25,0.7245854179398129,,-1.1333028914171976,0.9289441546785052
Lagos Mainland,2016,15,0.157737,11.654738,,424762.5,0.6788471774556839,,-1.0083760244108646,0.8436116009332743
Lagos Mainland,2017,15,0.138575,13.83725,,434568.75,0.993967597485971,,-1.1967393624396,1.0953534799627855
Lagos Mainland,2018,15,0.159377,15.794794,,444375.0,0.9127387320326368,,-1.0604171994364149,0.9865779657345256
Lagos Mainland,2019,15,0.163852,13.83867,7.7e-05,454181.25,0.8658812589535545,1.1245779585045443,-0.9687475986937644,0.9864022720506213
Lagos Mainland,2020,15,0.161551,16.194064,6.8e-05,463987.5,0.882108811829608,0.8575344171662251,-0.9932813555352676,0.9109748615103668
Lagos Mainland,2021,15,0.155068,17.262372,9.3e-05,473793.75,1.0541560852809648,0.9878456881689824,-0.974125102884391,1.0053756254447794
Lagos Mainland,2022,15,0.132883,17.65869,8.3e-05,483600.0,0.984594022969212,0.778997822100682,-1.1121872463668847,0.9585930304789262
Lagos Mainland,2023,15,0.133707,17.319512,7.7e-05,502166.6666666667,0.9137009734521868,0.741614289747759,-1.2344318477527767,0.9632490369842408
Lagos Mainland,2024,15,0.161644,17.807572,7.2e-05,520733.3333333333,0.840310257045022,0.909314319243472,-1.118331261329682,0.9559852792060588
Lagos Mainland,2025,15,0.133869,22.090814,6.7e-05,539300.0,1.1404391707833952,0.7594720119055745,-1.3073936098338383,1.0691015975076026
Lagos Mainland,2026,15,0.168384,19.282903,6.5e-05,539300.0,1.0552229293383215,0.6550147792746335,-1.0437472723021373,0.917994993638364
Mushin,2005,16,0.213538,,,1321517.0,,,-0.973687515171623,0.973687515171623
Mushin,2006,16,0.188657,,,1321517.0,,,-1.039023470470389,1.039023470470389
Mushin,2007,16,0.160415,,,1363805.0,,,-1.065292079192143,1.065292079192143
Mushin,2008,16,0.177912,,,1407405.0,,,-1.0093015784631745,1.0093015784631745
Mushin,2009,16,0.183955,,,1452442.0,,,-0.9886147029623044,0.9886147029623044
Mushin,2010,16,0.188013,,,1498920.0,,,-0.9817137971549004,0.9817137971549004
Mushin,2011,16,0.160056,,,1546881.0,,,-0.9941937555736184,0.9941937555736184
Mushin,2012,16,0.197519,19.309146,,1596377.0,1.59000822448623,,-0.7480710001518316,1.1690396123190308
Mushin,2013,16,0.212314,18.025579,,1647453.0,1.4649688985292828,,-0.9440887719822568,1.2045288352557697
Mushin,2014,16,0.197934,17.14936,,1700155.0,1.3397047498551578,,-0.8732917092487044,1.106498229551931
Mushin,2015,16,0.153869,16.031679,,1754560.0,1.242273153713728,,-0.9386554672962144,1.0904643105049712
Mushin,2016,16,0.166218,14.020461,,1810706.0,1.1277891621559253,,-0.9385091804388264,1.0331491712973755
Mushin,2017,16,0.192848,14.716006,,1868648.0,1.1567176926342595,,-0.7229181104498846,0.939817901542072
Mushin,2018,16,0.177266,16.846381,,1928445.0,1.0783641718943706,,-0.9120895327891548,0.9952268523417628
Mushin,2019,16,0.183055,15.754198,8.1e-05,1990151.0,1.2127133198806737,1.3392945138276078,-0.8173395154148968,1.1231157830410596
Mushin,2020,16,0.159703,18.364828,7.4e-05,2053836.0,1.2295168533267813,1.2160853929848556,-1.0080951321212026,1.151232459477613
Mushin,2021,16,0.158887,17.561983,0.000101,2119595.0,1.1020136724148388,1.313062375632022,-0.9434723108544196,1.1195161196337602
Mushin,2022,16,0.167293,18.022237,9.5e-05,2187482.0,1.0396358473214815,1.305644237041989,-0.7967615501931715,1.0473472115188809
Mushin,2023,16,0.180516,18.448941,8.7e-05,2257565.0,1.0836435591003026,1.2185366625759,-0.8549232343965363,1.052367818690913
Mushin,2024,16,0.194323,19.927296,7.6e-05,2329907.0,1.1512927630319425,1.1352309202977506,-0.8405375204849308,1.0423537346048748
Mushin,2025,16,0.20385,21.789619,7.7e-05,2404572.0,1.100991673229281,1.345936885963933,-0.6187188670176503,1.0218824754036215
Mushin,2026,16,0.189128,19.792439,7.5e-05,2404572.0,1.131352881876693,1.2615099452696643,-0.8535719109465701,1.0821449126976426
Ojo,2005,17,0.482498,,,941523.0,,,1.207667345597088,-1.207667345597088
Ojo,2006,17,0.469321,,,941523.0,,,1.3542318319080504,-1.3542318319080504
Ojo,2007,17,0.412253,,,971652.0,,,1.057683229401655,-1.057683229401655
Ojo,2008,17,0.421987,,,1002745.0,,,0.9934925721716124,-0.9934925721716124
Ojo,2009,17,0.470363,,,1034832.0,,,1.350012301872154,-1.350012301872154
Ojo,2010,17,0.477973,,,1067946.0,,,1.3512288731295916,-1.3512288731295916
Ojo,2011,17,0.397423,,,1102128.0,,,1.027774682906295,-1.027774682906295
Ojo,2012,17,0.440139,2.160239,,1137416.0,-1.1372473845150737,,1.3207693648687655,-1.2290083746919196
Ojo,2013,17,0.492279,1.980675,,1173853.0,-1.1415521687348311,,1.1943718887184491,-1.16796202872664
Ojo,2014,17,0.485653,2.289485,,1211484.0,-1.1304394232578228,,1.4760460893320206,-1.3032427562949218
Ojo,2015,17,0.425408,2.361713,,1250372.0,-1.1686001222272917,,1.3888079568258374,-1.2787040395265643
Ojo,2016,17,0.446927,2.117782,,1290584.0,-1.1309758468962274,,1.3739836747134997,-1.2524797608048637
Ojo,2017,17,0.470037,2.626756,,1332163.0,-1.0822730940817855,,1.697033596988018,-1.3896533455349018
Ojo,2018,17,0.458084,2.914834,,1375152.0,-1.1158609372306123,,1.4163289753750894,-1.266094956302851
Ojo,2019,17,0.464207,2.511532,3.1e-05,1419597.0,-1.1850491461075492,-1.3446624277106842,1.3994331466702037,-1.3097149068294789
Ojo,2020,17,0.46646,3.220968,2.9e-05,1465548.0,-1.1940993220416083,-1.473046925654874,1.4509036039024474,-1.37268328386631
Ojo,2021,17,0.444297,2.763967,3.5e-05,1513045.0,-1.2617090885267082,-1.3699752959380531,1.3473403032524531,-1.3263415625724049
Ojo,2022,17,0.398474,2.904288,3.5e-05,1562143.0,-1.249255254584378,-1.3275878376645445,1.3224022936642883,-1.2997484619710702
Ojo,2023,17,0.443295,2.879003,3.5e-05,1612892.0,-1.2591292244043246,-1.261459676130433,1.275583589272832,-1.2653908299358634
Ojo,2024,17,0.441928,3.089653,3e-05,1665348.0,-1.3189403498889518,-1.4628099918264532,1.2642734958210973,-1.3486746125121674
Ojo,2025,17,0.404272,3.405601,3e-05,1719559.0,-1.3067624564534244,-1.410448022110352,1.35361032668787,-1.3569402684172156
Ojo,2026,17,0.433606,3.080306,2.9e-05,1719559.0,-1.365612773356592,-1.528367818307478,1.3877360332052986,-1.427238874956456
Oshodi/Isolo,2005,18,0.345948,,,1134548.0,,,0.1002015282340321,-0.1002015282340321
Oshodi/Isolo,2006,18,0.306287,,,1134548.0,,,-0.035978472826317,0.035978472826317
Oshodi/Isolo,2007,18,0.237973,,,1170842.0,,,-0.4114840002528336,0.4114840002528336
Oshodi/Isolo,2008,18,0.280388,,,1208309.0,,,-0.1684193357900185,0.1684193357900185
Oshodi/Isolo,2009,18,0.27881,,,1246991.0,,,-0.2140886263737575,0.2140886263737575
Oshodi/Isolo,2010,18,0.283706,,,1286931.0,,,-0.2117928323751586,0.2117928323751586
Oshodi/Isolo,2011,18,0.260055,,,1328173.0,,,-0.1423701158951761,0.1423701158951761
Oshodi/Isolo,2012,18,0.292949,12.377199,,1370766.0,0.4875944475003406,,0.0656683289797965,0.210963059260272
Oshodi/Isolo,2013,18,0.32521,11.83969,,1414751.0,0.4600610475220506,,-0.0817536416964465,0.2709073446092486
Oshodi/Isolo,2014,18,0.302652,10.970319,,1460171.0,0.3125681069442177,,-0.0182284162726537,0.1653982616084357
Oshodi/Isolo,2015,18,0.229967,11.675483,,1507097.0,0.4740022947254051,,-0.2863907405024945,0.3801965176139498
Oshodi/Isolo,2016,18,0.246167,9.523726,,1555576.0,0.274446173322896,,-0.2798858684802739,0.277166020901585
Oshodi/Isolo,2017,18,0.275031,9.607626,,1605655.0,0.2106196505684148,,-0.0054333214706349,0.1080264860195248
Oshodi/Isolo,2018,18,0.268278,11.242868,,1657396.0,0.1958082774263504,,-0.1574583294295261,0.1766333034279383
Oshodi/Isolo,2019,18,0.256137,10.287343,6.7e-05,1710852.0,0.2228658279934625,0.587786570196886,-0.2411167615646545,0.3505897199183343
Oshodi/Isolo,2020,18,0.236156,12.373108,6.5e-05,1766079.0,0.2706048249351898,0.6782589292569096,-0.3952392547811056,0.4480343363244016
Oshodi/Isolo,2021,18,0.232498,11.843844,8.8e-05,1823154.0,0.188641548440413,0.7845852585045828,-0.352641550414978,0.4419561191199913
Oshodi/Isolo,2022,18,0.221567,12.921453,8e-05,1882119.0,0.2673658052447567,0.6473362183653557,-0.299248785469774,0.4046502696932955
Oshodi/Isolo,2023,18,0.268309,13.743983,7.4e-05,1943027.0,0.3756993431418083,0.5985375778993165,-0.1431327733231443,0.3724565647880897
Oshodi/Isolo,2024,18,0.277837,14.529948,6.8e-05,2005924.0,0.3594534449303908,0.6833977181891933,-0.1306116820899805,0.3911542817365215
Oshodi/Isolo,2025,18,0.287453,15.42574,5.8e-05,2070853.0,0.2675146856060616,0.2316536252530517,0.2040083664265954,0.0983866481441726
Oshodi/Isolo,2026,18,0.275851,13.160814,6.1e-05,2070853.0,0.1405194638212935,0.4124167128766213,-0.0585189865906666,0.2038183877628605
Shomolu,2005,19,0.20358,,,1025123.0,,,-1.0544501999706073,1.0544501999706073
Shomolu,2006,19,0.188135,,,1025123.0,,,-1.043474626542566,1.043474626542566
Shomolu,2007,19,0.169365,,,1057927.0,,,-0.9898442555439464,0.9898442555439464
Shomolu,2008,19,0.179294,,,1091781.0,,,-0.9979613694447276,0.9979613694447276
Shomolu,2009,19,0.17685,,,1126718.0,,,-1.0466296497143115,1.0466296497143115
Shomolu,2010,19,0.179246,,,1162773.0,,,-1.0522507967078878,1.0522507967078878
Shomolu,2011,19,0.164142,,,1199981.0,,,-0.9593878935977376,0.9593878935977376
Shomolu,2012,19,0.154808,17.230363,,1238381.0,1.2594114933565697,,-1.1122711519546291,1.1858413226555995
Shomolu,2013,19,0.203861,17.113388,,1278017.0,1.3167819689678022,,-1.0086554426907492,1.1627187058292758
Shomolu,2014,19,0.157049,15.996784,,1318929.0,1.14811303791479,,-1.2071336727442432,1.1776233553295166
Shomolu,2015,19,0.145141,14.024871,,1361155.0,0.888346905678828,,-1.0134664549102856,0.9509066802945568
Shomolu,2016,19,0.151371,12.978366,,1404732.0,0.9300313530015154,,-1.0608194071164412,0.9954253800589784
Shomolu,2017,19,0.155982,15.438666,,1449699.0,1.2905580120856908,,-1.0447704914837843,1.1676642517847378
Shomolu,2018,19,0.15851,18.435476,,1496093.0,1.3286473708660975,,-1.0676059795237964,1.1981266751949469
Shomolu,2019,19,0.151352,17.151751,8.4e-05,1543960.0,1.4657590530909834,1.5003319303199047,-1.067305169957934,1.3444653844562742
Shomolu,2020,19,0.15674,19.775504,7.6e-05,1593347.0,1.4552807716279268,1.3356023849243996,-1.0318468745585003,1.274243343703609
Shomolu,2021,19,0.14774,19.338427,0.000104,1644314.0,1.385769354010131,1.4350186334306614,-1.0329425053446244,1.2845768309284722
Shomolu,2022,19,0.14267,20.360859,9.7e-05,1696908.0,1.3937084193695344,1.3934186395322066,-1.0224728816923097,1.2698666468646838
Shomolu,2023,19,0.168897,21.682476,9e-05,1751189.0,1.5701861383006586,1.3616133744243424,-0.949125430097922,1.293641647607641
Shomolu,2024,19,0.180523,21.765463,7.7e-05,1807227.0,1.420968334041404,1.1917100705613202,-0.9578469125611134,1.1901751057212793
Shomolu,2025,19,0.15466,23.437857,8.1e-05,1865078.0,1.3168613406327818,1.5805228355872765,-1.1027918382402435,1.333392004820101
Shomolu,2026,19,0.190828,20.589991,7.8e-05,1865078.0,1.2505154060298105,1.443458495068174,-0.8379867723858072,1.1773202244945973
Surulere,2005,20,0.219805,,,1274362.0,,,-0.9228600653187172,0.9228600653187172
Surulere,2006,20,0.209939,,,1274362.0,,,-0.8575493257805892,0.8575493257805892
Surulere,2007,20,0.178212,,,1315062.0,,,-0.9152647141120364,0.9152647141120364
Surulere,2008,20,0.186357,,,1357144.0,,,-0.940004859822958,0.940004859822958
Surulere,2009,20,0.198845,,,1400653.0,,,-0.86703235853762,0.86703235853762
Surulere,2010,20,0.198454,,,1445635.0,,,-0.8977082294199014,0.8977082294199014
Surulere,2011,20,0.166134,,,1492135.0,,,-0.942419397010377,0.942419397010377
Surulere,2012,20,0.180021,14.013395,,1540203.0,0.7478048923074352,,-0.8972778615281832,0.8225413769178092
Surulere,2013,20,0.204559,13.417182,,1589889.0,0.7163272197248014,,-1.0033238993150806,0.859825559519941
Surulere,2014,20,0.190061,12.819446,,1641246.0,0.6199468893630391,,-0.9375778234372912,0.7787623564001651
Surulere,2015,20,0.149196,12.282417,,1694326.0,0.5810428653354556,,-0.978709516920476,0.7798761911279657
Surulere,2016,20,0.169362,10.146476,,1749188.0,0.3926251067703349,,-0.9126087727689656,0.6526169397696502
Surulere,2017,20,0.177654,11.950565,,1805902.0,0.6445439084700798,,-0.8555667589994715,0.7500553337347757
Surulere,2018,20,0.175587,13.487331,,1864490.0,0.5493122401307067,,-0.9260110573182372,0.7376616487244718
Surulere,2019,20,0.145377,12.095271,6.7e-05,1925022.0,0.5502154643589161,0.587786570196886,-1.1144156890222068,0.7508059078593362
Surulere,2020,20,0.153749,14.839234,6.3e-05,1987563.0,0.6652824608943537,0.5587419373173663,-1.0558230681561906,0.7599491554559702
Surulere,2021,20,0.166541,15.055288,8.3e-05,2052160.0,0.7016132385838187,0.5813248288401832,-0.8820383045183628,0.7216587906474551
Surulere,2022,20,0.159628,15.71638,7.7e-05,2118869.0,0.6905239691449285,0.5156746146300288,-0.8670242052693561,0.6910742630147712
Surulere,2023,20,0.151439,16.192694,6.8e-05,2187761.0,0.7441512589727126,0.3123841542024321,-1.090667897827915,0.71573443700102
Surulere,2024,20,0.175013,16.948797,6.3e-05,2258909.0,0.7143202689244375,0.401001966871345,-1.004685662585734,0.7066692994605055
Surulere,2025,20,0.162287,19.505904,5.9e-05,2332394.0,0.8018936076013898,0.2903001126588874,-1.0277354334523858,0.7066430512375543
Surulere,2026,20,0.160565,16.754954,5.8e-05,2332394.0,0.6775211822793838,0.230468163078112,-1.115429741953081,0.6744730291035257
