lga_canonical,lga_code,year,ndvi,nlr,no2,population,urbanicity_index,htn,cvd,dm,pct_unskilled,pct_semiskilled,z_ndvi,z_nlr,z_no2,z_pct_unskilled,log_pop,lga_idx,year_idx
Agege,1,2021,0.157295,12.695503,8.6e-05,97470.0,0.6614035023642574,0,0,51,21.518987341772153,59.17721518987342,-0.9562503273277674,0.32467909312618143,0.7032810866388233,1.268212010401158,11.487299917331256,0,0
Agege,1,2022,0.150156,13.174402,9.3e-05,100589.0,0.8257945815141866,14,5,14,21.518987341772153,59.17721518987342,-0.9538510635709372,0.3056628464198518,1.217869834551771,1.268212010401158,11.51879818673291,0,1
Agege,1,2023,0.166518,12.91286,8.8e-05,103808.0,0.8284281614119192,47,16,26,21.518987341772153,59.17721518987342,-0.9684134087168733,0.2506421756601706,1.266228899858714,1.268212010401158,11.550298318035031,0,2
Agege,1,2024,0.174968,13.724284,7.9e-05,107129.0,0.8503306269155096,38,22,15,21.518987341772153,59.17721518987342,-1.0050681932120693,0.24125531644600043,1.3046683710884592,1.268212010401158,11.58178899475957,0,3
Agege,1,2025,0.194881,14.678763,6.4e-05,110557.0,0.4867324738067506,47,25,13,21.518987341772153,59.17721518987342,-0.7069817350578097,0.1696831366743756,0.5835325496880666,1.268212010401158,11.613286504045792,0,4
Ajeromi/Ifelodun,2,2021,0.194386,15.275471,6.3e-05,165607.0,0.3878700407154894,0,0,0,15.588580183775246,64.16579965365548,-0.6585434121186365,0.7367835998452469,-0.23171688981741514,0.0,12.017372790571324,1,0
Ajeromi/Ifelodun,2,2022,0.157507,17.26135,5.7e-05,170906.0,0.4829444003892676,0,0,0,15.588580183775246,64.16579965365548,-0.8864667481808481,0.9244358632591035,-0.3620694102721488,0.0,12.048868976737841,1,1
Ajeromi/Ifelodun,2,2023,0.182693,16.931964,5.1e-05,176375.0,0.3980922092961842,0,0,0,15.588580183775246,64.16579965365548,-0.8372729908263569,0.8553875166676032,-0.4983838796054074,0.0,12.080367689155116,1,2
Ajeromi/Ifelodun,2,2024,0.191424,18.224181,4.5e-05,182019.0,0.3836629287579103,0,0,0,15.588580183775246,64.16579965365548,-0.8651809935015142,0.9014305306451253,-0.6156227378729084,0.0,12.111866356214486,1,3
Ajeromi/Ifelodun,2,2025,0.172085,21.402421,4.3e-05,187844.0,0.4445170515726516,0,0,0,15.588580183775246,64.16579965365548,-0.9313144744761922,1.0502803660762485,-0.648043685834486,0.0,12.143367110114049,1,4
Alimosho,3,2021,0.274134,7.923259,6.4e-05,3338865.0,-0.2034043547493466,0,0,247,18.493661446681582,59.358687546607015,-0.018454682397201116,-0.4376029427607058,-0.19106480388453534,0.6212489042748287,15.021141486841579,2,0
Alimosho,3,2022,0.263598,7.80972,6.5e-05,3453905.0,-0.2011899905503772,49,22,93,18.493661446681582,59.358687546607015,0.08603623155659458,-0.5065619397832589,-0.010971800311278083,0.6212489042748287,15.05501603296772,2,1
Alimosho,3,2023,0.289173,8.218292,6.2e-05,3573430.0,-0.1518440426103415,166,89,122,18.493661446681582,59.358687546607015,0.026024177456932068,-0.45573868087964026,0.026230730505547743,0.6212489042748287,15.089036476811721,2,2
Alimosho,3,2024,0.288844,9.107866,5.6e-05,3697619.0,-0.131107322233933,145,67,54,18.493661446681582,59.358687546607015,-0.037044690888347234,-0.4360145726165039,0.005647915026357485,0.6212489042748287,15.123199656957247,2,3
Alimosho,3,2025,0.302357,10.232456,5e-05,3826663.0,-0.3336148871108988,190,94,72,18.493661446681582,59.358687546607015,0.3506768674044673,-0.4126495199345942,-0.237518273993635,0.6212489042748287,15.157503701998973,2,4
Amuwo Odofin,4,2021,0.371455,5.849273,4.7e-05,477123.4375,-0.8045726094451778,0,0,16,13.793103448275861,67.81609195402298,0.7626818384587428,-0.7688857251332964,-0.882150264743494,-0.38396101645157404,13.07553051521901,3,0
Amuwo Odofin,4,2022,0.327781,6.168155,4.7e-05,487000.0,-0.7434738837368103,2,1,9,13.793103448275861,67.81609195402298,0.6743816967561712,-0.755098531731022,-0.8009414227232379,-0.38396101645157404,13.096019402064726,3,1
Amuwo Odofin,4,2023,0.389853,6.100212,4.2e-05,505700.0,-0.848117531775308,10,3,10,13.793103448275861,67.81609195402298,0.8422972700824158,-0.774441310092774,-0.9276140151507344,-0.38396101645157404,13.133698887068075,3,2
Amuwo Odofin,4,2024,0.379908,6.34835,3.8e-05,524400.0,-0.8629661246417318,9,2,5,13.793103448275861,67.81609195402298,0.7370612859250943,-0.8408602982822051,-1.010976789717896,-0.38396101645157404,13.170010030871682,3,3
Amuwo Odofin,4,2025,0.320796,7.263924,3.5e-05,543100.0,-0.8169288373296788,11,5,7,13.793103448275861,67.81609195402298,0.5321328852205561,-0.8014380416873069,-1.1172155850811731,-0.38396101645157404,13.205048744022937,3,4
Apapa,5,2021,0.183825,19.19677,7.5e-05,837845.0,0.7875201407035041,0,0,5,15.384615384615385,64.1025641025641,-0.7433101407461643,1.3631421399872043,0.25610814137714366,-0.043617681063397,13.638588398155756,4,0
Apapa,5,2022,0.163297,19.725856,6.3e-05,864656.0,0.6774043270396829,2,0,1,15.384615384615385,64.1025641025641,-0.833391631039151,1.297567552881393,-0.09874620280149561,-0.043617681063397,13.670087018953955,4,1
Apapa,5,2023,0.199215,18.188823,6.1e-05,892325.0,0.5754539769124748,4,2,5,15.384615384615385,64.1025641025641,-0.7033192359956233,1.0445042015190675,-0.02146150677726654,-0.043617681063397,13.70158569497867,4,2
Apapa,5,2024,0.205452,19.979863,5.3e-05,920879.0,0.5803829078269377,6,1,2,15.384615384615385,64.1025641025641,-0.7459334462518992,1.1590048129932653,-0.16378953576435137,-0.043617681063397,13.733083927670537,4,3
Apapa,5,2025,0.164983,22.587845,5.1e-05,950347.0,0.6759559771657958,6,2,5,15.384615384615385,64.1025641025641,-1.001204416367285,1.2055353017179018,-0.17887178658779931,-0.043617681063397,13.76458246004227,4,4
Badagry,6,2021,0.494263,1.238099,2.4e-05,609590.0,-1.6903249738970283,0,0,15,9.67741935483871,77.41935483870968,1.7483870187721058,-1.5054396617192467,-1.8171482411997322,-1.2640962009769128,13.320541879020547,5,0
Badagry,6,2022,0.436076,1.227349,2.4e-05,629097.0,-1.6601942181948808,2,2,4,9.67741935483871,77.41935483870968,1.6670880544176732,-1.5031475488062274,-1.810347051360742,-1.2640962009769128,13.352040736829535,5,1
Badagry,6,2023,0.48518,1.212272,2.4e-05,649228.0,-1.6370543590552344,5,3,9,9.67741935483871,77.41935483870968,1.615170383915446,-1.5099184070088698,-1.7860742862413879,-1.2640962009769128,13.383539243698662,5,2
Badagry,6,2024,0.491427,1.31464,2.3e-05,670003.0,-1.7075211303153843,1,4,2,9.67741935483871,77.41935483870968,1.6850486841094279,-1.579350663165285,-1.8581640436714406,-1.2640962009769128,13.415037468969064,5,3
Badagry,6,2025,0.444685,1.44889,2.4e-05,691443.0,-1.6922232154981562,6,8,5,9.67741935483871,77.41935483870968,1.7513098791582633,-1.5630328207908382,-1.7623269465453673,-1.2640962009769128,13.446535997188366,5,4
Epe,7,2021,0.442379,0.746987,3.2e-05,519102.0,-1.4692544672556478,0,0,1,15.789473684210526,73.68421052631578,1.331945682903282,-1.5838861651269684,-1.4919315537366928,0.04296088671078809,13.15985567463009,6,0
Epe,7,2022,0.386382,0.765038,3.1e-05,535713.0,-1.4292792735833266,1,0,1,15.789473684210526,73.68421052631578,1.2115587156889167,-1.5731424624160826,-1.50313664264498,0.04296088671078809,13.1913538488884,6,1
Epe,7,2023,0.447791,0.662031,3.2e-05,552856.0,-1.4364278830136294,3,2,1,15.789473684210526,73.68421052631578,1.3120353555068822,-1.5927119055551306,-1.4045363879788753,0.04296088671078809,13.222852848765053,6,2
Epe,7,2024,0.439097,1.537345,3.2e-05,570547.0,-1.3789125347845552,3,1,0,15.789473684210526,73.68421052631578,1.2402080690843096,-1.546677843970042,-1.3498516912993141,0.04296088671078809,13.254350828764697,6,3
Epe,7,2025,0.374632,1.763738,3.4e-05,588804.0,-1.2531952852328196,2,4,1,15.789473684210526,73.68421052631578,1.0619265928590906,-1.5217971903523595,-1.1758620724870088,0.04296088671078809,13.28584863985199,6,4
Eti Osa,8,2021,0.25553,14.763909,5.5e-05,1578528.0,0.0886382251061852,0,0,22,15.025906735751295,59.58549222797927,-0.16777768394880857,0.6550705686502016,-0.5569335772804545,-0.12032718929855608,14.272003325182062,7,0
Eti Osa,8,2022,0.240273,16.140546,5.3e-05,1629309.0,0.1149673900045525,6,1,18,15.025906735751295,59.58549222797927,-0.1277767403484291,0.754743644917813,-0.5376182152525845,-0.12032718929855608,14.303666556520385,7,1
Eti Osa,8,2023,0.264678,17.13609,4.9e-05,1681735.0,0.1549683329132218,15,10,19,15.025906735751295,59.58549222797927,-0.17257146620478045,0.8861018867059207,-0.5937683541710357,-0.12032718929855608,14.335336556567563,7,2
Eti Osa,8,2024,0.279544,17.970058,4.8e-05,1735851.0,0.1780213808523116,24,13,5,15.025906735751295,59.58549222797927,-0.1161010203309918,0.8641484093081427,-0.44618528708219957,-0.12032718929855608,14.367008341025784,7,3
Eti Osa,8,2025,0.221926,20.194928,4.6e-05,1791698.0,0.2869553066662917,41,20,6,15.025906735751295,59.58549222797927,-0.4408350892616105,0.8921350543542431,-0.47210422361697857,-0.12032718929855608,14.398674331529064,7,4
Ibeju Lekki,9,2021,0.540523,2.852667,2.9e-05,159659.0,-1.6603721866232124,0,0,1,0.0,75.0,2.119687924586842,-1.2475408237474623,-1.6138878115353326,-3.3336032564824394,11.980795569870642,8,0
Ibeju Lekki,9,2022,0.470701,2.521846,2.9e-05,164768.0,-1.6275178191233666,1,0,0,0.0,75.0,1.9844845882745406,-1.3071578239603616,-1.5909110451351978,-3.3336032564824394,12.012293702845868,8,1
Ibeju Lekki,9,2023,0.525541,2.902524,2.7e-05,170041.0,-1.613662948429692,1,1,0,0.0,75.0,1.9424011972990096,-1.2555900735971208,-1.6429975743929457,-3.3336032564824394,12.043794863424617,8,2
Ibeju Lekki,9,2024,0.53533,4.400062,3e-05,175482.0,-1.54925188749096,0,0,0,0.0,75.0,2.0582540638428077,-1.1266916068036188,-1.4628099918264532,-3.3336032564824394,12.075291752525436,8,3
Ibeju Lekki,9,2025,0.430249,5.117738,2.9e-05,181097.0,-1.3869551199386636,0,0,0,0.0,75.0,1.6092469108197929,-1.0825239394800095,-1.469094509516188,-3.3336032564824394,12.106788078300834,8,4
Ifako/Ijaye,10,2021,0.204453,10.778862,7.1e-05,1173322.0,0.2299236419128393,0,0,101,15.50632911392405,60.75949367088608,-0.57774172126613,0.01852940682676348,0.09349979764562444,-0.01758931416925928,13.975349599768611,9,0
Ifako/Ijaye,10,2022,0.183061,10.688931,7.4e-05,1208864.0,0.3218637504146803,24,14,30,15.50632911392405,60.75949367088608,-0.652221231179306,-0.07064299082996692,0.38401301089470197,-0.01758931416925928,14.005191633608616,9,1
Ifako/Ijaye,10,2023,0.216932,10.081813,7.2e-05,1245544.0,0.2958303480327233,70,41,59,15.50632911392405,60.75949367088608,-0.5596769000595317,-0.17533895929505033,0.5031531033336886,-0.01758931416925928,14.035082940238222,9,2
Ifako/Ijaye,10,2024,0.214865,11.43586,6.5e-05,1283401.0,0.3617999386709718,56,33,29,15.50632911392405,60.75949367088608,-0.6659165399031233,-0.09447699128869184,0.513960267398484,-0.01758931416925928,14.065024143478551,9,3
Ifako/Ijaye,10,2025,0.220324,12.616134,6.2e-05,1322470.0,0.2741268175297273,124,56,32,15.50632911392405,60.75949367088608,-0.4566001817580245,-0.10045930404523791,0.4662395748763952,-0.01758931416925928,14.09501175814728,9,4
Ikeja,11,2021,0.192169,18.066039,9.9e-05,1035985.0,1.0302079598861127,0,0,107,18.401206636500756,60.030165912518854,-0.676337923752689,1.1825277521393875,1.231758203766262,0.6014775298030822,13.850863222932269,10,0
Ikeja,11,2022,0.196596,18.738716,9.3e-05,1069136.0,0.9647107733262972,31,8,50,18.401206636500756,60.030165912518854,-0.5281501240095529,1.1481123614175675,1.217869834551771,0.6014775298030822,13.882361403617713,10,1
Ikeja,11,2023,0.20213,18.496315,8.9e-05,1103349.0,1.0281261791036964,81,38,81,18.401206636500756,60.030165912518854,-0.6796855841779507,1.0907718159916109,1.3139211371415278,0.6014775298030822,13.913860657980097,10,2
Ikeja,11,2024,0.224361,20.134943,7.9e-05,1138656.0,1.023872962281421,87,27,37,18.401206636500756,60.030165912518854,-0.5851940770657733,1.181756438690031,1.3046683710884592,0.6014775298030822,13.945359177497112,10,3
Ikeja,11,2025,0.244058,20.549368,7.7e-05,1175093.0,0.8358432095899336,81,33,40,18.401206636500756,60.030165912518854,-0.22303669529742226,0.9385560475084458,1.345936885963933,0.6014775298030822,13.976857851364455,10,4
Ikorodu,12,2021,0.40855,4.460824,6.1e-05,1105119.0,-0.788035983725717,0,0,98,17.364341085271317,64.18604651162791,1.0604208592369024,-0.9906660302570732,-0.31302106168317506,0.3797448038354872,13.915463579443282,11,0
Ikorodu,12,2022,0.408317,4.757616,5.5e-05,1140483.0,-0.9437103596764714,27,9,51,17.364341085271317,64.18604651162791,1.4126299928051733,-0.9686572734618739,-0.4498438127623666,0.3797448038354872,13.946962414852393,11,1
Ikorodu,12,2023,0.433431,4.820848,5.5e-05,1177018.0,-0.8233898104328059,72,33,50,17.364341085271317,64.18604651162791,1.1956102302575582,-0.9669442705667086,-0.30761493047415095,0.3797448038354872,13.978494679243573,11,2
Ikorodu,12,2024,0.432704,5.821628,5.1e-05,1214779.0,-0.7935820633723306,61,33,37,17.364341085271317,64.18604651162791,1.1858632181029298,-0.9181351357225713,-0.27674783629149075,0.3797448038354872,14.010072725208133,11,3
Ikorodu,12,2025,0.396697,5.581695,5.6e-05,1253808.0,-0.7288215021198742,119,46,43,17.364341085271317,64.18604651162791,1.279065647748835,-1.0217595090521674,0.11436065044137991,0.3797448038354872,14.041695878404616,11,4
Kosofe,13,2021,0.317729,11.711056,9.2e-05,1482351.0,0.2610562384489378,0,0,81,20.2020202020202,60.0,0.3314558880522895,0.1674310011630003,0.9471936022361027,0.9865798223506461,14.20913989890077,12,0
Kosofe,13,2022,0.303531,12.4118,8.6e-05,1527506.0,0.2162576979696922,12,9,36,20.2020202020202,60.0,0.45208953947013386,0.19020320754320164,0.9106594258360089,0.9865798223506461,14.23914689800708,12,1
Kosofe,13,2023,0.364243,12.909245,8.3e-05,1573974.0,0.2144014317028016,62,34,51,20.2020202020202,60.0,0.6346616532554525,0.25009823491921396,1.0277677134446435,0.9865798223506461,14.269114189398659,12,2
Kosofe,13,2024,0.362581,13.167653,7.2e-05,1621797.0,0.1597122955016515,48,24,20,20.2020202020202,60.0,0.5897699934248031,0.15959256068628552,0.9093143192434721,0.9865798223506461,14.29904535169436,12,3
Kosofe,13,2025,0.35332,13.786798,7.7e-05,1671014.0,0.1822005596776794,69,31,35,20.2020202020202,60.0,0.8521977218955635,0.052862514964669025,1.345936885963933,0.9865798223506461,14.32894118575907,12,4
Lagos Island,14,2021,0.186943,3.872584,7.2e-05,308512.5,-0.0773970966432469,0,0,2,17.24137931034483,58.620689655172406,-0.7182838496884395,-1.0846270231966846,0.13415188357850424,0.35344954355614283,12.639517640145295,13,0
Lagos Island,14,2022,0.174454,4.135218,6.8e-05,314900.0,-0.0703603353926152,0,0,1,17.24137931034483,58.620689655172406,-0.7311189053137771,-1.0628897149156717,0.1206898034240488,0.35344954355614283,12.660010407089116,13,1
Lagos Island,14,2023,0.205722,4.102222,6.3e-05,326966.6666666667,-0.1168627391920529,9,1,3,17.24137931034483,58.620689655172406,-0.6505630876671171,-1.0750742730316378,0.0739229677883617,0.35344954355614283,12.697613507884297,13,2
Lagos Island,14,2024,0.212264,4.36125,6.1e-05,339033.3333333333,-0.0521050661848884,2,1,2,17.24137931034483,58.620689655172406,-0.6880268101053081,-1.1323856750041792,0.2880436663442057,0.35344954355614283,12.733853709945578,13,3
Lagos Island,14,2025,0.147062,4.783263,6.1e-05,351100.0,0.1529419425254226,2,4,2,17.24137931034483,58.620689655172406,-1.1775628574585655,-1.1263301173528568,0.40759308747055917,0.35344954355614283,12.768826362156524,13,4
Lagos Mainland,15,2021,0.155068,17.262372,9.3e-05,473793.75,1.0053756254447794,0,0,29,15.625,56.25,-0.974125102884391,1.0541560852809648,0.9878456881689824,0.007788343552525446,13.068527379399892,14,0
Lagos Mainland,15,2022,0.132883,17.65869,8.3e-05,483600.0,0.9585930304789262,8,4,5,15.625,56.25,-1.1121872463668847,0.984594022969212,0.778997822100682,0.007788343552525446,13.089013397722775,14,1
Lagos Mainland,15,2023,0.133707,17.319512,7.7e-05,502166.6666666667,0.9632490369842408,11,9,7,15.625,56.25,-1.2344318477527767,0.9137009734521869,0.741614289747759,0.007788343552525446,13.126687348884383,14,2
Lagos Mainland,15,2024,0.161644,17.807572,7.2e-05,520733.3333333333,0.9559852792060588,8,3,3,15.625,56.25,-1.118331261329682,0.840310257045022,0.9093143192434721,0.007788343552525446,13.162993353490224,14,3
Lagos Mainland,15,2025,0.133869,22.090814,6.7e-05,539300.0,1.0691015975076026,11,5,5,15.625,56.25,-1.3073936098338383,1.1404391707833952,0.7594720119055745,0.007788343552525446,13.198027281325318,14,4
Mushin,16,2021,0.158887,17.561983,0.000101,2119595.0,1.1195161196337602,0,0,19,14.285714285714285,69.17293233082707,-0.9434723108544197,1.1020136724148388,1.313062375632022,-0.278616650736186,14.566735590662313,15,0
Mushin,16,2022,0.167293,18.022237,9.5e-05,2187482.0,1.0473472115188809,5,3,9,14.285714285714285,69.17293233082707,-0.7967615501931715,1.0396358473214815,1.305644237041989,-0.278616650736186,14.598261668608624,15,1
Mushin,16,2023,0.180516,18.448941,8.7e-05,2257565.0,1.052367818690913,14,5,15,14.285714285714285,69.17293233082707,-0.8549232343965363,1.0836435591003026,1.2185366625759,-0.278616650736186,14.629797356771283,15,2
Mushin,16,2024,0.194323,19.927296,7.6e-05,2329907.0,1.0423537346048748,12,6,10,14.285714285714285,69.17293233082707,-0.8405375204849308,1.1512927630319423,1.1352309202977506,-0.278616650736186,14.661338910582202,15,3
Mushin,16,2025,0.20385,21.789619,7.7e-05,2404572.0,1.0218824754036215,23,14,5,14.285714285714285,69.17293233082707,-0.6187188670176503,1.100991673229281,1.345936885963933,-0.278616650736186,14.692882483106818,15,4
Ojo,17,2021,0.444297,2.763967,3.5e-05,1513045.0,-1.3263415625724049,0,0,56,13.333333333333334,66.96969696969697,1.3473403032524531,-1.2617090885267082,-1.3699752959380531,-0.4822824244526026,14.229634734562174,16,0
Ojo,17,2022,0.398474,2.904288,3.5e-05,1562143.0,-1.2997484619710702,13,5,30,13.333333333333334,66.96969696969697,1.3224022936642883,-1.249255254584378,-1.3275878376645445,-0.4822824244526026,14.261569154487162,16,1
Ojo,17,2023,0.443295,2.879003,3.5e-05,1612892.0,-1.2653908299358634,38,19,23,13.333333333333334,66.96969696969697,1.275583589272832,-1.2591292244043246,-1.261459676130433,-0.4822824244526026,14.293539398883054,16,2
Ojo,17,2024,0.441928,3.089653,3e-05,1665348.0,-1.3486746125121674,27,14,19,13.333333333333334,66.96969696969697,1.2642734958210973,-1.3189403498889518,-1.4628099918264532,-0.4822824244526026,14.32554466856635,16,3
Ojo,17,2025,0.404272,3.405601,3e-05,1719559.0,-1.3569402684172156,50,30,23,13.333333333333334,66.96969696969697,1.35361032668787,-1.3067624564534244,-1.4104480221103521,-0.4822824244526026,14.357578420565892,16,4
Oshodi/Isolo,18,2021,0.232498,11.843844,8.8e-05,1823154.0,0.4419561191199913,0,0,52,12.990936555891238,68.8821752265861,-0.352641550414978,0.188641548440413,0.7845852585045828,-0.5555036542781424,14.416078526231125,17,0
Oshodi/Isolo,18,2022,0.221567,12.921453,8e-05,1882119.0,0.4046502696932955,13,4,24,12.990936555891238,68.8821752265861,-0.299248785469774,0.2673658052447567,0.6473362183653557,-0.5555036542781424,14.44790882773423,17,1
Oshodi/Isolo,18,2023,0.268309,13.743983,7.4e-05,1943027.0,0.3724565647880897,54,19,21,12.990936555891238,68.8821752265861,-0.1431327733231443,0.37569934314180836,0.5985375778993165,-0.5555036542781424,14.479757624300085,17,2
Oshodi/Isolo,18,2024,0.277837,14.529948,6.8e-05,2005924.0,0.3911542817365215,37,23,15,12.990936555891238,68.8821752265861,-0.13061168208998059,0.3594534449303908,0.6833977181891933,-0.5555036542781424,14.511615360445335,17,3
Oshodi/Isolo,18,2025,0.287453,15.42574,5.8e-05,2070853.0,0.0983866481441726,46,30,10,12.990936555891238,68.8821752265861,0.20400836642659548,0.2675146856060616,0.2316536252530517,-0.5555036542781424,14.543471157655707,17,4
Shomolu,19,2021,0.14774,19.338427,0.000104,1644314.0,1.2845768309284722,0,0,30,19.1358024691358,62.96296296296296,-1.0329425053446244,1.385769354010131,1.4350186334306614,0.7585701598566776,14.31283383392746,18,0
Shomolu,19,2022,0.14267,20.360859,9.7e-05,1696908.0,1.2698666468646838,8,0,7,19.1358024691358,62.96296296296296,-1.0224728816923097,1.3937084193695344,1.3934186395322066,0.7585701598566776,14.344318329429148,18,1
Shomolu,19,2023,0.168897,21.682476,9e-05,1751189.0,1.293641647607641,20,7,16,19.1358024691358,62.96296296296296,-0.9491254300979219,1.5701861383006586,1.3616133744243424,0.7585701598566776,14.375805543764027,18,2
Shomolu,19,2024,0.180523,21.765463,7.7e-05,1807227.0,1.1901751057212793,16,10,7,19.1358024691358,62.96296296296296,-0.9578469125611134,1.420968334041404,1.1917100705613202,0.7585701598566776,14.40730418426337,18,3
Shomolu,19,2025,0.15466,23.437857,8.1e-05,1865078.0,1.333392004820101,31,7,11,19.1358024691358,62.96296296296296,-1.1027918382402435,1.3168613406327818,1.5805228355872765,0.7585701598566776,14.438813433241794,18,4
Surulere,20,2021,0.166541,15.055288,8.3e-05,2052160.0,0.7216587906474551,0,0,45,22.413793103448278,55.172413793103445,-0.8820383045183628,0.7016132385838187,0.5813248288401832,1.4595653835677174,14.534403454942636,19,0
Surulere,20,2022,0.159628,15.71638,7.7e-05,2118869.0,0.6910742630147712,11,2,14,22.413793103448278,55.172413793103445,-0.8670242052693561,0.6905239691449285,0.5156746146300288,1.4595653835677174,14.566393013725433,19,1
Surulere,20,2023,0.151439,16.192694,6.8e-05,2187761.0,0.71573443700102,13,10,13,22.413793103448278,55.172413793103445,-1.090667897827915,0.7441512589727126,0.31238415420243215,1.4595653835677174,14.598389204382238,19,2
Surulere,20,2024,0.175013,16.948797,6.3e-05,2258909.0,0.7066692994605055,24,16,5,22.413793103448278,55.172413793103445,-1.004685662585734,0.7143202689244375,0.40100196687134504,1.4595653835677174,14.630392511327546,19,3
Surulere,20,2025,0.162287,19.505904,5.9e-05,2332394.0,0.7066430512375543,18,5,10,22.413793103448278,55.172413793103445,-1.0277354334523858,0.8018936076013898,0.2903001126588874,1.4595653835677174,14.662405765869275,19,4
