disease,scenario,lga_canonical,cases_status_quo_mean,cases_scenario_mean,cases_avoided_median,cases_avoided_mean,cases_avoided_2.5,cases_avoided_97.5,P_avoided_gt_0,significant_95
htn,status_quo,Agege,16.246422723514982,16.246422723514982,0.0,0.0,0.0,0.0,0.0,no
htn,status_quo,Ajeromi/Ifelodun,0.15058487905597442,0.15058487905597442,0.0,0.0,0.0,0.0,0.0,no
htn,status_quo,Alimosho,56.4086937854494,56.4086937854494,0.0,0.0,0.0,0.0,0.0,no
htn,status_quo,Amuwo Odofin,3.1680792849498514,3.1680792849498514,0.0,0.0,0.0,0.0,0.0,no
htn,status_quo,Apapa,1.9215916425278055,1.9215916425278055,0.0,0.0,0.0,0.0,0.0,no
htn,status_quo,Badagry,1.3511972004078496,1.3511972004078496,0.0,0.0,0.0,0.0,0.0,no
htn,status_quo,Epe,0.8884699038114446,0.8884699038114446,0.0,0.0,0.0,0.0,0.0,no
htn,status_quo,Eti Osa,8.045648177478807,8.045648177478807,0.0,0.0,0.0,0.0,0.0,no
htn,status_quo,Ibeju Lekki,0.2345107528262688,0.2345107528262688,0.0,0.0,0.0,0.0,0.0,no
htn,status_quo,Ifako/Ijaye,28.020465620803503,28.020465620803503,0.0,0.0,0.0,0.0,0.0,no
htn,status_quo,Ikeja,29.01520838454784,29.01520838454784,0.0,0.0,0.0,0.0,0.0,no
htn,status_quo,Ikorodu,26.073294319534057,26.073294319534057,0.0,0.0,0.0,0.0,0.0,no
htn,status_quo,Kosofe,19.47803486694424,19.47803486694424,0.0,0.0,0.0,0.0,0.0,no
htn,status_quo,Lagos Island,1.267391186270817,1.267391186270817,0.0,0.0,0.0,0.0,0.0,no
htn,status_quo,Lagos Mainland,3.7545242133356824,3.7545242133356824,0.0,0.0,0.0,0.0,0.0,no
htn,status_quo,Mushin,5.62614479527368,5.62614479527368,0.0,0.0,0.0,0.0,0.0,no
htn,status_quo,Ojo,12.714324382633926,12.714324382633926,0.0,0.0,0.0,0.0,0.0,no
htn,status_quo,Oshodi/Isolo,15.819828237543549,15.819828237543549,0.0,0.0,0.0,0.0,0.0,no
htn,status_quo,Shomolu,7.907941817708621,7.907941817708621,0.0,0.0,0.0,0.0,0.0,no
htn,status_quo,Surulere,6.494522447338373,6.494522447338373,0.0,0.0,0.0,0.0,0.0,no
htn,status_quo,LAGOS STATE,244.58687862195669,244.58687862195669,0.0,0.0,0.0,0.0,0.0,no
htn,no2_minus_10,Agege,16.246422723514982,13.620913423075628,2.270370619030227,2.6255093004393566,0.32289215888747375,7.040205358467197,0.996,yes
htn,no2_minus_10,Ajeromi/Ifelodun,0.15058487905597442,0.13594928549808094,0.009961615521052458,0.014635593557893506,0.0005909783500618847,0.06242598594131507,0.996,yes
htn,no2_minus_10,Alimosho,56.4086937854494,49.84279539352634,5.583761704643482,6.565898391923065,0.8489963789694853,16.48986493036957,0.996,yes
htn,no2_minus_10,Amuwo Odofin,3.1680792849498514,2.912738148802071,0.21948173696979778,0.25534113614778076,0.03093495478545163,0.6856582085572617,0.996,yes
htn,no2_minus_10,Apapa,1.9215916425278055,1.7034467408876894,0.18583438229607085,0.21814490164011613,0.0257517361233964,0.580353904301195,0.996,yes
htn,no2_minus_10,Badagry,1.3511972004078496,1.2884918770971994,0.05243221284573496,0.06270532331064992,0.007429529339146574,0.17296992803200437,0.996,yes
htn,no2_minus_10,Epe,0.8884699038114446,0.8335788340899837,0.04473798913421817,0.05489106972146093,0.006608518769546656,0.16356759983959637,0.996,yes
htn,no2_minus_10,Eti Osa,8.045648177478807,7.3051681036833225,0.6437121107220984,0.7404800737954841,0.10525060644047772,1.812897836224208,0.996,yes
htn,no2_minus_10,Ibeju Lekki,0.2345107528262688,0.22218902274915725,0.008956389922405217,0.01232173007711154,0.0011161619539436223,0.042979953822935874,0.996,yes
htn,no2_minus_10,Ifako/Ijaye,28.020465620803503,24.283641088081705,3.253433934595641,3.736824532721791,0.513976811412632,9.31579921167596,0.996,yes
htn,no2_minus_10,Ikeja,29.01520838454784,24.3414045668164,4.130305993305157,4.67380381773144,0.6584064817959692,11.730680030947951,0.996,yes
htn,no2_minus_10,Ikorodu,26.073294319534057,23.386257894520778,2.322362903532383,2.687036425013278,0.3532863216759166,6.686048588480478,0.996,yes
htn,no2_minus_10,Kosofe,19.47803486694424,16.50940405867962,2.5679882472904625,2.9686308082646184,0.35934496316708836,7.608539107558558,0.996,yes
htn,no2_minus_10,Lagos Island,1.267391186270817,1.118592695535035,0.12185775865500587,0.14879849073578205,0.016857349795654012,0.39401556150487554,0.996,yes
htn,no2_minus_10,Lagos Mainland,3.7545242133356824,3.2264377002566946,0.4426654977196518,0.5280865130789877,0.06493306720691493,1.405896577549783,0.996,yes
htn,no2_minus_10,Mushin,5.62614479527368,4.732686830708151,0.7400670759302854,0.8934579645655285,0.11809330246912803,2.3317001203872603,0.996,yes
htn,no2_minus_10,Ojo,12.714324382633926,11.854807079192325,0.716796097078169,0.8595173034415997,0.10417756227194147,2.192298460822377,0.996,yes
htn,no2_minus_10,Oshodi/Isolo,15.819828237543549,13.650254993388277,1.87202172643384,2.1695732441552713,0.3005459764512759,5.492966799701568,0.996,yes
htn,no2_minus_10,Shomolu,7.907941817708621,6.609469828090702,1.0944037282652141,1.2984719896179193,0.16435844373393635,3.450725884837234,0.996,yes
htn,no2_minus_10,Surulere,6.494522447338373,5.679230301078327,0.7169606418603793,0.815292146260048,0.10865971111714649,2.126437150344485,0.996,yes
htn,no2_minus_10,LAGOS STATE,244.58687862195669,213.25745786575746,26.772060377090547,31.329420756199184,4.124255442442114,79.6907185252777,0.996,yes
htn,no2_minus_20,Agege,16.246422723514982,11.474192545600706,4.141188261176761,4.772230177914277,0.6369837571994138,12.683886141658043,0.996,yes
htn,no2_minus_20,Ajeromi/Ifelodun,0.15058487905597442,0.12292819091908411,0.019110833576909583,0.02765668813689032,0.0011628961998102368,0.117227490717482,0.996,yes
htn,no2_minus_20,Alimosho,56.4086937854494,44.1458510893812,10.420177273372524,12.262842696068207,1.6815229836036154,30.674856230561,0.996,yes
htn,no2_minus_20,Amuwo Odofin,3.1680792849498514,2.6808738414262843,0.41926129267322587,0.4872054435235667,0.06145230930231097,1.299016528973398,0.996,yes
htn,no2_minus_20,Apapa,1.9215916425278055,1.5135417792958488,0.34830786718866297,0.4080498632319567,0.05064523676047653,1.0845695229265564,0.996,yes
htn,no2_minus_20,Badagry,1.3511972004078496,1.2291357080745358,0.10254878461538885,0.1220614923333137,0.014811490626145807,0.3363524669736422,0.996,yes
htn,no2_minus_20,Epe,0.8884699038114446,0.7825772581912488,0.08700265105311983,0.10589264562019582,0.013111963768964445,0.3148271345448083,0.996,yes
htn,no2_minus_20,Eti Osa,8.045648177478807,6.642802171472718,1.2205491459039204,1.4028460060060879,0.20888761991566349,3.4333364796899954,0.996,yes
htn,no2_minus_20,Ibeju Lekki,0.2345107528262688,0.21060451332848862,0.017429543263264166,0.023906239497780195,0.0021823391899903517,0.08276179511413591,0.996,yes
htn,no2_minus_20,Ifako/Ijaye,28.020465620803503,21.113186947061827,6.071788641758979,6.90727867374167,1.0161391962494308,17.013709758333615,0.996,yes
htn,no2_minus_20,Ikeja,29.01520838454784,20.520923408516243,7.5036659316218,8.494284976031595,1.2952513769086296,21.05177733553286,0.996,yes
htn,no2_minus_20,Ikorodu,26.073294319534057,21.015384717853117,4.391164688100215,5.0579096016809375,0.7004911108799708,12.381198051202592,0.996,yes
htn,no2_minus_20,Kosofe,19.47803486694424,14.052810694147443,4.777826879998314,5.425224172796795,0.7093495968619112,13.580062899482051,0.996,yes
htn,no2_minus_20,Lagos Island,1.267391186270817,0.9897084312727925,0.2288779679783906,0.2776827549980243,0.033022497287928616,0.7316653672446914,0.996,yes
htn,no2_minus_20,Lagos Mainland,3.7545242133356824,2.7830011740694687,0.8212605479655964,0.9715230392662135,0.12853199939703797,2.5449884817523802,0.996,yes
htn,no2_minus_20,Mushin,5.62614479527368,4.00004794454763,1.372525942904741,1.626096850726051,0.23291985682873506,4.202087109553431,0.996,yes
htn,no2_minus_20,Ojo,12.714324382633926,11.061783784003794,1.382878393497279,1.6525405986301331,0.2072104702532378,4.2169355511796995,0.996,yes
htn,no2_minus_20,Oshodi/Isolo,15.819828237543549,11.81809661643696,3.4779611468976466,4.00173162110659,0.5941833593663571,10.110991788316804,0.996,yes
htn,no2_minus_20,Shomolu,7.907941817708621,5.552000770717383,2.025338832325631,2.355941046991238,0.32399766267866353,6.087410346960782,0.996,yes
htn,no2_minus_20,Surulere,6.494522447338373,4.980598571590778,1.3363085222837048,1.5139238757475957,0.21460014191009677,3.865418099968931,0.996,yes
htn,no2_minus_20,LAGOS STATE,244.58687862195669,186.69005015790754,50.09965019115023,57.896828464049115,8.155202242924346,145.90197132315035,0.996,yes
htn,no2_minus_50,Agege,16.246422723514982,7.059139021706222,8.041266793839053,9.187283701808761,1.4945252601667278,22.893773634491865,0.996,yes
htn,no2_minus_50,Ajeromi/Ifelodun,0.15058487905597442,0.09173326578423856,0.04156962668825851,0.05885161327173589,0.0027716307332059193,0.2567690108062448,0.996,yes
htn,no2_minus_50,Alimosho,56.4086937854494,31.115234938235016,22.10455363684225,25.293458847214396,4.083469867410113,60.635065074106095,0.996,yes
htn,no2_minus_50,Amuwo Odofin,3.1680792849498514,2.103941255286039,0.932049608159232,1.064138029663812,0.15021795009915165,2.752708250166934,0.996,yes
htn,no2_minus_50,Apapa,1.9215916425278055,1.0765042873448476,0.7274638518901511,0.845087355182958,0.12303854843904845,2.1197592529779183,0.996,yes
htn,no2_minus_50,Badagry,1.3511972004078496,1.069273764348194,0.24042364033612534,0.28192343605965564,0.03667523749269866,0.7616430599605062,0.996,yes
htn,no2_minus_50,Epe,0.8884699038114446,0.6500308199373792,0.1975644038427018,0.23843908387406537,0.03201414350301256,0.7021648272809592,0.996,yes
htn,no2_minus_50,Eti Osa,8.045648177478807,5.040208016008868,2.6351761467785177,3.005440161469938,0.501604199706067,7.115634785802388,0.996,yes
htn,no2_minus_50,Ibeju Lekki,0.2345107528262688,0.1798132437255897,0.040056464598810446,0.05469750910067912,0.005125715972184393,0.187288593391196,0.996,yes
htn,no2_minus_50,Ifako/Ijaye,28.020465620803503,14.149279343658655,12.351908551538784,13.871186277144842,2.4109478617847255,33.01413620477563,0.996,yes
htn,no2_minus_50,Ikeja,29.01520838454784,12.664916072342978,14.60939242055549,16.350292312204864,3.083707958419806,39.59803942302646,0.996,yes
htn,no2_minus_50,Ikorodu,26.073294319534057,15.4227290779092,9.402629002199644,10.650565241624856,1.6933539156087534,24.928642663994463,0.996,yes
htn,no2_minus_50,Kosofe,19.47803486694424,8.892095441072437,9.354680621262162,10.585939425871802,1.705733860494683,25.572315039055525,0.996,yes
htn,no2_minus_50,Lagos Island,1.267391186270817,0.6958321062011505,0.4921758474287907,0.5715590800696664,0.07770771722010254,1.4774106344673603,0.996,yes
htn,no2_minus_50,Lagos Mainland,3.7545242133356824,1.826744927144411,1.659484420754579,1.9277792861912713,0.3116154310602699,4.740131031555636,0.996,yes
htn,no2_minus_50,Mushin,5.62614479527368,2.4853658208896015,2.7018321667081695,3.140778974384079,0.558693170979932,7.639772604691882,0.996,yes
htn,no2_minus_50,Ojo,12.714324382633926,9.028222673066209,3.1518642371489265,3.686101709567716,0.5095672186136091,9.230932962328152,0.996,yes
htn,no2_minus_50,Oshodi/Isolo,15.819828237543549,7.827528794529521,7.057865616902912,7.992299443014028,1.428779894461524,19.68791451689497,0.996,yes
htn,no2_minus_50,Shomolu,7.907941817708621,3.3920983198336523,3.9189523554895143,4.515843497874969,0.7451371373809406,10.980139938603998,0.996,yes
htn,no2_minus_50,Surulere,6.494522447338373,3.4181180897807644,2.7338810027158926,3.0764043575576094,0.5168119688076549,7.514539920807879,0.996,yes
htn,no2_minus_50,LAGOS STATE,244.58687862195669,128.188809278805,102.3883174113161,116.3980693431517,19.709982820207948,275.41903484542104,0.996,yes
htn,ndvi_plus_10,Agege,16.246422723514982,16.401351034502515,-0.11522107439863039,-0.15492831098753038,-1.3158504879683668,0.7378496328014726,0.36,no
htn,ndvi_plus_10,Ajeromi/Ifelodun,0.15058487905597442,0.15210830752237445,-0.0007141991919318042,-0.0015234284664000061,-0.015544179768175228,0.00705447798229321,0.36,no
htn,ndvi_plus_10,Alimosho,56.4086937854494,57.361566246962,-0.7193578219807808,-0.9528724615125984,-7.858778983924574,4.226959546785475,0.36,no
htn,ndvi_plus_10,Amuwo Odofin,3.1680792849498514,3.250255048661521,-0.053711531901333154,-0.0821757637116699,-0.6285706989775949,0.32340945430496204,0.36,no
htn,ndvi_plus_10,Apapa,1.9215916425278055,1.943081844809114,-0.01651213100076865,-0.02149020228130851,-0.16031151107075364,0.10452276334728859,0.36,no
htn,ndvi_plus_10,Badagry,1.3511972004078496,1.391483713417334,-0.028365436427133517,-0.040286513009484534,-0.34215216690425515,0.1546737017395645,0.36,no
htn,ndvi_plus_10,Epe,0.8884699038114446,0.9155761902873578,-0.01530426206217575,-0.027106286475913195,-0.22114423485889617,0.10783922562511518,0.36,no
htn,ndvi_plus_10,Eti Osa,8.045648177478807,8.16969283140028,-0.0951251330467735,-0.12404465392147372,-0.957449710576946,0.5433315082916946,0.36,no
htn,ndvi_plus_10,Ibeju Lekki,0.2345107528262688,0.2434458025019561,-0.003856928045552044,-0.008935049675687284,-0.06203079845653331,0.030581323263504465,0.36,no
htn,ndvi_plus_10,Ifako/Ijaye,28.020465620803503,28.364576742181352,-0.2678256348911354,-0.3441111213778555,-2.8018614944118916,1.5928327132091282,0.36,no
htn,ndvi_plus_10,Ikeja,29.01520838454784,29.31786321420472,-0.2596389314386487,-0.30265482965688123,-2.634631554702809,1.6373468354717928,0.36,no
htn,ndvi_plus_10,Ikorodu,26.073294319534057,26.763327736194345,-0.505787116366756,-0.6900334166602875,-5.333439811162288,2.806009709546272,0.36,no
htn,ndvi_plus_10,Kosofe,19.47803486694424,19.923449399994993,-0.32323547320540946,-0.44541453305075324,-3.6693526027945205,1.6160687009706372,0.36,no
htn,ndvi_plus_10,Lagos Island,1.267391186270817,1.28251117211413,-0.011269858971126784,-0.015119985843312955,-0.12842221841614027,0.07015817396962933,0.36,no
htn,ndvi_plus_10,Lagos Mainland,3.7545242133356824,3.7797164831735044,-0.021242900398592002,-0.025192269837822235,-0.2163285947211988,0.1466302934558629,0.36,no
htn,ndvi_plus_10,Mushin,5.62614479527368,5.681569120492644,-0.044207712213198636,-0.055424325218964426,-0.4688340580387754,0.2672286301693835,0.36,no
htn,ndvi_plus_10,Ojo,12.714324382633926,13.077265624992036,-0.24527794907233247,-0.3629412423581101,-3.0726402276839697,1.330056713590289,0.36,no
htn,ndvi_plus_10,Oshodi/Isolo,15.819828237543549,16.066478866715862,-0.18752312170285723,-0.24665062917231045,-2.0458490110964958,1.1258063740232833,0.36,no
htn,ndvi_plus_10,Shomolu,7.907941817708621,7.986698081141143,-0.05793678813002412,-0.07875626343252126,-0.6298255549162541,0.34546942315408385,0.36,no
htn,ndvi_plus_10,Surulere,6.494522447338373,6.545875869744836,-0.044858446176841316,-0.051353422406461444,-0.4210301778013127,0.2728605455826119,0.36,no
htn,ndvi_plus_10,LAGOS STATE,244.58687862195669,248.61789333101402,-3.008525102020105,-4.031014709057347,-33.856461949975255,17.024998436654958,0.36,no
htn,ndvi_plus_20,Agege,16.246422723514982,16.56914807410266,-0.23153087253827653,-0.32272535058767976,-2.689675060115516,1.4450274679805284,0.36,no
htn,ndvi_plus_20,Ajeromi/Ifelodun,0.15058487905597442,0.15376868876123212,-0.001446345643640259,-0.0031838097052576835,-0.032166507803639235,0.0139100000092311,0.36,no
htn,ndvi_plus_20,Alimosho,56.4086937854494,58.45043512273917,-1.4528706752878797,-2.041741337289773,-16.35152171171706,8.206037065697164,0.36,no
htn,ndvi_plus_20,Amuwo Odofin,3.1680792849498514,3.346855060822703,-0.10871629975361674,-0.17877577587285146,-1.3400997401513925,0.6219583231700984,0.36,no
htn,ndvi_plus_20,Apapa,1.9215916425278055,1.9667379205502362,-0.033312152109462534,-0.045146278022430604,-0.33065247926892377,0.20498947995107503,0.36,no
htn,ndvi_plus_20,Badagry,1.3511972004078496,1.4411704089448094,-0.05740059093991651,-0.08997320853695996,-0.7292753251160656,0.2960545967949725,0.36,no
htn,ndvi_plus_20,Epe,0.8884699038114446,0.9482376182511277,-0.031050234197678134,-0.05976771443968311,-0.4692985423072138,0.2071349690586095,0.36,no
htn,ndvi_plus_20,Eti Osa,8.045648177478807,8.31018968750484,-0.19216095104009323,-0.2645415100260334,-1.9823689761958463,1.0542627677979362,0.36,no
htn,ndvi_plus_20,Ibeju Lekki,0.2345107528262688,0.2543747093795846,-0.007927798176625561,-0.019863956553315795,-0.13377473070741794,0.05843251613492008,0.36,no
htn,ndvi_plus_20,Ifako/Ijaye,28.020465620803503,28.746647135170416,-0.5384617510811545,-0.7261815143669175,-5.770120680009129,3.121322215491623,0.36,no
htn,ndvi_plus_20,Ikeja,29.01520838454784,29.65392082582442,-0.5229360153523066,-0.638712441276582,-5.456306170462798,3.2034729760951355,0.36,no
htn,ndvi_plus_20,Ikorodu,26.073294319534057,27.598106333317293,-1.0311864106446587,-1.5248120137832384,-11.431077964700185,5.3686392317253775,0.36,no
htn,ndvi_plus_20,Kosofe,19.47803486694424,20.444856486219688,-0.6537202147380476,-0.9668216192754483,-7.734813598664998,3.1160600313182827,0.36,no
htn,ndvi_plus_20,Lagos Island,1.267391186270817,1.2991757499039822,-0.02274232940089771,-0.03178456363316523,-0.2644378328868459,0.13746993309843344,0.36,no
htn,ndvi_plus_20,Lagos Mainland,3.7545242133356824,3.8068374673502423,-0.042707741692335155,-0.05231325401455993,-0.4404460548221949,0.2893510437243565,0.36,no
htn,ndvi_plus_20,Mushin,5.62614479527368,5.742205281949846,-0.08906992240751832,-0.11606048667616586,-0.9592990978458252,0.5258367555842443,0.36,no
htn,ndvi_plus_20,Ojo,12.714324382633926,13.514947274911897,-0.4974882314605211,-0.800622892277971,-6.649839916742955,2.567688852340609,0.36,no
htn,ndvi_plus_20,Oshodi/Isolo,15.819828237543549,16.346008919507028,-0.37998697374490886,-0.5261806819634756,-4.261290935663707,2.187983124760512,0.36,no
htn,ndvi_plus_20,Shomolu,7.907941817708621,8.071984847518658,-0.11645371026479712,-0.16404302981003696,-1.2891825026089914,0.6768178064199643,0.36,no
htn,ndvi_plus_20,Surulere,6.494522447338373,6.601477228441741,-0.09009556127953422,-0.10695478110336729,-0.8622690256743744,0.5385392424067372,0.36,no
htn,ndvi_plus_20,LAGOS STATE,244.58687862195669,253.26708484117157,-6.068774311968335,-8.680206219214911,-70.63568809452299,33.038180790375826,0.36,no
htn,ndvi_plus_50,Agege,16.246422723514982,17.1526602812011,-0.5907888980593095,-0.9062375576861161,-7.282252174268049,3.425011782518414,0.36,no
htn,ndvi_plus_50,Ajeromi/Ifelodun,0.15058487905597442,0.1596016984572114,-0.003673957639331791,-0.009016819401236982,-0.08952234061169793,0.03306715793453671,0.36,no
htn,ndvi_plus_50,Alimosho,56.4086937854494,62.59278053946367,-3.720026424629962,-6.184086754014265,-46.30604818543265,18.828792912550867,0.36,no
htn,ndvi_plus_50,Amuwo Odofin,3.1680792849498514,3.7335959162095085,-0.2857291552961815,-0.5655166312596578,-4.136547433139768,1.3446272622327153,0.36,no
htn,ndvi_plus_50,Apapa,1.9215916425278055,2.051285255554174,-0.08493015346385413,-0.12969361302636856,-0.9089578909510277,0.48360666803570096,0.36,no
htn,ndvi_plus_50,Badagry,1.3511972004078496,1.6548875979082691,-0.14909492240995298,-0.30369039750041976,-2.3765097280279974,0.6514641972543352,0.36,no
htn,ndvi_plus_50,Epe,0.8884699038114446,1.0841406829593845,-0.08157948041567813,-0.19567077914793987,-1.4256301979588302,0.44233912654867613,0.36,no
htn,ndvi_plus_50,Eti Osa,8.045648177478807,8.836773788802038,-0.49356809380125855,-0.7911256113232311,-5.521630870261131,2.3941808658832135,0.36,no
htn,ndvi_plus_50,Ibeju Lekki,0.2345107528262688,0.3011793718995201,-0.021317773305018235,-0.06666861907325135,-0.4426131161865581,0.12852608455846692,0.36,no
htn,ndvi_plus_50,Ifako/Ijaye,28.020465620803503,30.13198686725408,-1.3697388560227983,-2.111521246450584,-15.778381733371988,7.346234674092393,0.36,no
htn,ndvi_plus_50,Ikeja,29.01520838454784,30.871069046958368,-1.3353366047106316,-1.8558606624105298,-14.841317720257122,7.5669270023777075,0.36,no
htn,ndvi_plus_50,Ikorodu,26.073294319534057,31.080102048374883,-2.76194038532869,-5.006807728840826,-35.910595292395335,12.031076286445032,0.36,no
htn,ndvi_plus_50,Kosofe,19.47803486694424,22.511430547480575,-1.6851279102746108,-3.033395680536336,-22.496626194276107,7.000646761974493,0.36,no
htn,ndvi_plus_50,Lagos Island,1.267391186270817,1.3588842460110675,-0.05841678368980824,-0.09149305974025049,-0.7316690126809411,0.32206066757910173,0.36,no
htn,ndvi_plus_50,Lagos Mainland,3.7545242133356824,3.9000504658392736,-0.108464242634697,-0.1455262525035917,-1.1624375648691272,0.6926268140359298,0.36,no
htn,ndvi_plus_50,Mushin,5.62614479527368,5.956628797539896,-0.22539671516900128,-0.3304840022662146,-2.615399500146491,1.2527927725596875,0.36,no
htn,ndvi_plus_50,Ojo,12.714324382633926,15.336291647217443,-1.3105419119150965,-2.621967264583519,-20.233271384550253,5.749099136937671,0.36,no
htn,ndvi_plus_50,Oshodi/Isolo,15.819828237543549,17.395021971720816,-0.9714188774014021,-1.5751937341772684,-12.071721513015143,5.013446631413042,0.36,no
htn,ndvi_plus_50,Shomolu,7.907941817708621,8.368526433443723,-0.29555234171825795,-0.4605846157351032,-3.4617278690422153,1.6060480751200878,0.36,no
htn,ndvi_plus_50,Surulere,6.494522447338373,6.794542683591293,-0.22744496263310277,-0.30002023625291874,-2.327280242068547,1.2944612712633448,0.36,no
htn,ndvi_plus_50,LAGOS STATE,244.58687862195669,271.2714398878863,-15.548134183661125,-26.684561265929627,-201.52859585259014,75.68627013381983,0.36,no
htn,combined_no2m20_ndvip20,Agege,16.246422723514982,11.652042916920237,4.096487725461321,4.594379806594746,0.8419481805786968,11.716306603590123,0.994,yes
htn,combined_no2m20_ndvip20,Ajeromi/Ifelodun,0.15058487905597442,0.12518937775569564,0.017062609375791613,0.025395501300278796,0.001649654099033019,0.10517567413572326,0.994,yes
htn,combined_no2m20_ndvip20,Alimosho,56.4086937854494,45.50640065109963,9.614835547205352,10.902293134349769,1.9125851403699397,28.27150481795734,0.994,yes
htn,combined_no2m20_ndvip20,Amuwo Odofin,3.1680792849498514,2.8188240627415473,0.31209672641484537,0.34925522220830446,-0.26553561731960346,1.1457291918169359,0.906,no
htn,combined_no2m20_ndvip20,Apapa,1.9215916425278055,1.5435734723353984,0.3326430498636789,0.37801817019240713,0.06398508376201537,1.00303061692974,0.994,yes
htn,combined_no2m20_ndvip20,Badagry,1.3511972004078496,1.3067261716000012,0.04567044797141612,0.04447102880784825,-0.36637416132245476,0.4126316048355107,0.622,no
htn,combined_no2m20_ndvip20,Epe,0.8884699038114446,0.8317833355923534,0.051684440809459914,0.056686568219091245,-0.14407291416021628,0.31086099331565675,0.736,no
htn,combined_no2m20_ndvip20,Eti Osa,8.045648177478807,6.8349682690566045,1.077380379973634,1.210679908422202,0.14717014679417573,3.210169117491697,0.992,yes
htn,combined_no2m20_ndvip20,Ibeju Lekki,0.2345107528262688,0.22755178344466295,0.0073966619744880585,0.006958969381605859,-0.06794944176972917,0.08838707405709315,0.628,no
htn,combined_no2m20_ndvip20,Ifako/Ijaye,28.020465620803503,21.56040359994325,5.683146275734233,6.460062020860246,1.3485137466885708,16.08126951560217,0.994,yes
htn,combined_no2m20_ndvip20,Ikeja,29.01520838454784,20.861218090020635,7.279232084821527,8.153990294527201,1.7777438707174182,19.832542860226987,0.994,yes
htn,combined_no2m20_ndvip20,Ikorodu,26.073294319534057,22.090946953639932,3.396014712021241,3.98234736589412,-1.4083108711803987,11.907106497498416,0.944,no
htn,combined_no2m20_ndvip20,Kosofe,19.47803486694424,14.621771694267414,4.309649702525971,4.856263172676826,0.9917618194691533,12.26600095554562,0.994,yes
htn,combined_no2m20_ndvip20,Lagos Island,1.267391186270817,1.0106396774339237,0.22502609806937474,0.25675150883689335,0.0484014674802037,0.6830256454682337,0.994,yes
htn,combined_no2m20_ndvip20,Lagos Mainland,3.7545242133356824,2.812932442884942,0.8152973731833817,0.9415917704507399,0.18853084381025176,2.4376941921729673,0.994,yes
htn,combined_no2m20_ndvip20,Mushin,5.62614479527368,4.063277651570517,1.365994008410755,1.562867143703163,0.31092260615016654,3.8504542974629548,0.994,yes
htn,combined_no2m20_ndvip20,Ojo,12.714324382633926,11.705736700330153,0.9386315337732976,1.0085876823037716,-1.9257460005025937,4.152691072851307,0.786,no
htn,combined_no2m20_ndvip20,Oshodi/Isolo,15.819828237543549,12.140742704192878,3.2214369677847428,3.679085533350672,0.7364272583635343,9.297885711147739,0.992,yes
htn,combined_no2m20_ndvip20,Shomolu,7.907941817708621,5.641578233617909,1.9808386493453478,2.2663635840907115,0.4461235433671245,5.583769314625376,0.994,yes
htn,combined_no2m20_ndvip20,Surulere,6.494522447338373,5.046915969367177,1.312683421177221,1.4476064779711961,0.2980532724752889,3.68024626294527,0.994,yes
htn,combined_no2m20_ndvip20,LAGOS STATE,244.58687862195669,192.40322375781486,46.28277996130378,52.18365486414181,10.744019985462991,132.30326000005215,0.994,yes
cvd,status_quo,Agege,7.501790859262519,7.501790859262519,0.0,0.0,0.0,0.0,0.0,no
cvd,status_quo,Ajeromi/Ifelodun,0.13698552521656993,0.13698552521656993,0.0,0.0,0.0,0.0,0.0,no
cvd,status_quo,Alimosho,30.105688967490572,30.105688967490572,0.0,0.0,0.0,0.0,0.0,no
cvd,status_quo,Amuwo Odofin,1.0883077342729177,1.0883077342729177,0.0,0.0,0.0,0.0,0.0,no
cvd,status_quo,Apapa,0.7089896689189484,0.7089896689189484,0.0,0.0,0.0,0.0,0.0,no
cvd,status_quo,Badagry,1.7256492623846487,1.7256492623846487,0.0,0.0,0.0,0.0,0.0,no
cvd,status_quo,Epe,0.7432912165472118,0.7432912165472118,0.0,0.0,0.0,0.0,0.0,no
cvd,status_quo,Eti Osa,4.764717632483294,4.764717632483294,0.0,0.0,0.0,0.0,0.0,no
cvd,status_quo,Ibeju Lekki,0.18065465761073637,0.18065465761073637,0.0,0.0,0.0,0.0,0.0,no
cvd,status_quo,Ifako/Ijaye,16.07112253236064,16.07112253236064,0.0,0.0,0.0,0.0,0.0,no
cvd,status_quo,Ikeja,12.491324727935716,12.491324727935716,0.0,0.0,0.0,0.0,0.0,no
cvd,status_quo,Ikorodu,12.399082451959462,12.399082451959462,0.0,0.0,0.0,0.0,0.0,no
cvd,status_quo,Kosofe,10.134866368140658,10.134866368140658,0.0,0.0,0.0,0.0,0.0,no
cvd,status_quo,Lagos Island,0.670397200852251,0.670397200852251,0.0,0.0,0.0,0.0,0.0,no
cvd,status_quo,Lagos Mainland,2.453785150586536,2.453785150586536,0.0,0.0,0.0,0.0,0.0,no
cvd,status_quo,Mushin,3.347112936739263,3.347112936739263,0.0,0.0,0.0,0.0,0.0,no
cvd,status_quo,Ojo,6.837006365547177,6.837006365547177,0.0,0.0,0.0,0.0,0.0,no
cvd,status_quo,Oshodi/Isolo,8.39175469577803,8.39175469577803,0.0,0.0,0.0,0.0,0.0,no
cvd,status_quo,Shomolu,2.627163548803689,2.627163548803689,0.0,0.0,0.0,0.0,0.0,no
cvd,status_quo,Surulere,3.8512634818750757,3.8512634818750757,0.0,0.0,0.0,0.0,0.0,no
cvd,status_quo,LAGOS STATE,126.2309549847659,126.2309549847659,0.0,0.0,0.0,0.0,0.0,no
cvd,no2_minus_10,Agege,7.501790859262519,7.473002011778657,-0.014507078536561524,0.028788847483862123,-1.6123445207528895,1.8662093620559157,0.492,no
cvd,no2_minus_10,Ajeromi/Ifelodun,0.13698552521656993,0.13693950551920067,-9.132253726828153e-05,4.601969736925404e-05,-0.022413435057620494,0.021469561278524753,0.492,no
cvd,no2_minus_10,Alimosho,30.105688967490572,30.09324403556267,-0.04933458795702528,0.012444931927900483,-4.389615910826706,4.762610821721567,0.492,no
cvd,no2_minus_10,Amuwo Odofin,1.0883077342729177,1.0860861704734917,-0.0009118509221426041,0.002221563799425975,-0.11737878623667845,0.13043889109355122,0.492,no
cvd,no2_minus_10,Apapa,0.7089896689189484,0.7088471792956171,-0.0006433780001709327,0.0001424896233312134,-0.1361969246709494,0.12503997385557875,0.492,no
cvd,no2_minus_10,Badagry,1.7256492623846487,1.7273378881502668,-0.0007191139168923333,-0.0016886257656181605,-0.12020290841467558,0.09410980034092459,0.492,no
cvd,no2_minus_10,Epe,0.7432912165472118,0.7431131203396433,-0.0006811115075336382,0.00017809620756850753,-0.06722907355300659,0.06599446104188941,0.492,no
cvd,no2_minus_10,Eti Osa,4.764717632483294,4.771022940879953,-0.005165982299251581,-0.006305308396657892,-0.6137678377329886,0.5875650393833544,0.492,no
cvd,no2_minus_10,Ibeju Lekki,0.18065465761073637,0.18049239058912595,-7.161069316537552e-05,0.00016226702161045402,-0.014534317324710486,0.015805775811890653,0.492,no
cvd,no2_minus_10,Ifako/Ijaye,16.07112253236064,16.074398348151224,-0.027195099273572776,-0.003275815790580381,-2.732974044944536,3.0184492968447945,0.492,no
cvd,no2_minus_10,Ikeja,12.491324727935716,12.525789324459499,-0.02499239608595527,-0.034464596523784675,-2.9466385601437812,2.598072511811382,0.492,no
cvd,no2_minus_10,Ikorodu,12.399082451959462,12.421050160046564,-0.017437548856713114,-0.021967708087099955,-1.8033702680745962,1.692428651793028,0.492,no
cvd,no2_minus_10,Kosofe,10.134866368140658,10.127369034619623,-0.020185290462356953,0.007497333521037192,-2.161850623237324,2.290000413483882,0.492,no
cvd,no2_minus_10,Lagos Island,0.670397200852251,0.6714871617945922,-0.000902682419400766,-0.001089960942341094,-0.1107396715871396,0.1053911842841537,0.492,no
cvd,no2_minus_10,Lagos Mainland,2.453785150586536,2.4584641910981953,-0.004803212598053719,-0.004679040511659041,-0.5512011463799833,0.4951588594803963,0.492,no
cvd,no2_minus_10,Mushin,3.347112936739263,3.354353344696311,-0.006304349865710546,-0.007240407957047653,-0.7820569079333711,0.6897140866088551,0.492,no
cvd,no2_minus_10,Ojo,6.837006365547177,6.8293824170314155,-0.005820220498963247,0.0076239485157610165,-0.5829091195865395,0.643375603277855,0.492,no
cvd,no2_minus_10,Oshodi/Isolo,8.39175469577803,8.381370630308085,-0.014494740883723711,0.010384065469941813,-1.4574511156439571,1.5460524882809457,0.492,no
cvd,no2_minus_10,Shomolu,2.627163548803689,2.6247538098388263,-0.005321840843495462,0.002409738964862541,-0.5866596125381901,0.6402318681557678,0.492,no
cvd,no2_minus_10,Surulere,3.8512634818750757,3.861370984971399,-0.006064683201126131,-0.010107503096322966,-0.6465807803365414,0.7004543929935733,0.492,no
cvd,no2_minus_10,LAGOS STATE,126.2309549847659,126.24987464960437,-0.2134635930033339,-0.01891966483844118,-21.326593113525973,21.9217096421757,0.492,no
cvd,no2_minus_20,Agege,7.501790859262519,7.522259762021914,-0.029093278943058687,-0.020468902759394895,-3.508248868582469,3.380591989832916,0.492,no
cvd,no2_minus_20,Ajeromi/Ifelodun,0.13698552521656993,0.13732544005301472,-0.0001829399128013883,-0.00033991483644480125,-0.04731074791553962,0.041006045638775745,0.492,no
cvd,no2_minus_20,Alimosho,30.105688967490572,30.2325395289909,-0.09879336313332399,-0.12685056150032864,-9.390486955391598,9.008958775648285,0.492,no
cvd,no2_minus_20,Amuwo Odofin,1.0883077342729177,1.0864027988563452,-0.0018253147091158162,0.001904935416572279,-0.2440694983345092,0.2507468319909292,0.492,no
cvd,no2_minus_20,Apapa,0.7089896689189484,0.7122777756094587,-0.001288852187706982,-0.0032881066905103024,-0.28396624388475344,0.23675522551691577,0.492,no
cvd,no2_minus_20,Badagry,1.7256492623846487,1.7304205304231517,-0.0014389221486093562,-0.004771268038502893,-0.24562315677374702,0.18431354524431356,0.492,no
cvd,no2_minus_20,Epe,0.7432912165472118,0.7439490500570796,-0.0013631466487994959,-0.0006578335098678092,-0.13831836540414902,0.12659496924680017,0.492,no
cvd,no2_minus_20,Eti Osa,4.764717632483294,4.792401092428156,-0.010351724196506873,-0.027683459944860492,-1.2862107685116437,1.106404634055502,0.492,no
cvd,no2_minus_20,Ibeju Lekki,0.18065465761073637,0.18049612791913933,-0.00014335983065897132,0.00015852969159702945,-0.029515365101159728,0.03076833458885622,0.492,no
cvd,no2_minus_20,Ifako/Ijaye,16.07112253236064,16.18719239844671,-0.05449465638894968,-0.11606986608607033,-5.695158980831083,5.6416596853190555,0.492,no
cvd,no2_minus_20,Ikeja,12.491324727935716,12.690463885348366,-0.0501593800731952,-0.1991391574126498,-6.405750087315768,4.678838497610605,0.492,no
cvd,no2_minus_20,Ikorodu,12.399082451959462,12.492747418789655,-0.03491469112511414,-0.09366496683019167,-3.7887024464348955,3.1289958755769467,0.492,no
cvd,no2_minus_20,Kosofe,10.134866368140658,10.211731188196904,-0.04043697538104274,-0.0768648200562448,-4.5910527374256525,4.363161473056295,0.492,no
cvd,no2_minus_20,Lagos Island,0.670397200852251,0.6760320204667211,-0.0018083516544118577,-0.00563481961446995,-0.23337765700979557,0.1970561851111659,0.492,no
cvd,no2_minus_20,Lagos Mainland,2.453785150586536,2.482465076118535,-0.009616559695381666,-0.028679925531998978,-1.191327589360402,0.9205380675322017,0.492,no
cvd,no2_minus_20,Mushin,3.347112936739263,3.3947675700955227,-0.012641334136746063,-0.04765463335626004,-1.6770444826310362,1.2845733860085924,0.492,no
cvd,no2_minus_20,Ojo,6.837006365547177,6.8330847069834055,-0.011648711518499555,0.003921658563771605,-1.2017797123715794,1.2360278387734454,0.492,no
cvd,no2_minus_20,Oshodi/Isolo,8.39175469577803,8.43155337193751,-0.02905227366180463,-0.03979867615948116,-3.06372932718562,2.8430464001798867,0.492,no
cvd,no2_minus_20,Shomolu,2.627163548803689,2.6501477004145553,-0.010673450758428682,-0.02298415161086687,-1.300426346188272,1.173102774884543,0.492,no
cvd,no2_minus_20,Surulere,3.8512634818750757,3.894428116845808,-0.012161084853306914,-0.04316463497073256,-1.3458499209448083,1.289345264094171,0.492,no
cvd,no2_minus_20,LAGOS STATE,126.2309549847659,127.08268556000286,-0.4278131114758793,-0.8517305752369351,-45.53541432707079,40.28207480995446,0.492,no
cvd,no2_minus_50,Agege,7.501790859262519,8.151465764363605,-0.07333097856539017,-0.6496749051010857,-11.811825911494475,6.3903801729186265,0.492,no
cvd,no2_minus_50,Ajeromi/Ifelodun,0.13698552521656993,0.14107293268647642,-0.00045957074571080156,-0.004087407469906498,-0.13672490763591882,0.08831346976639197,0.492,no
cvd,no2_minus_50,Alimosho,30.105688967490572,31.574252923293816,-0.2479184343080041,-1.4685639558032493,-28.48701474385861,18.85824306505579,0.492,no
cvd,no2_minus_50,Amuwo Odofin,1.0883077342729177,1.1024632782018593,-0.0045754159088049196,-0.014155543928941909,-0.6837917539341181,0.5412294032162233,0.492,no
cvd,no2_minus_50,Apapa,0.7089896689189484,0.7444007726419167,-0.0032401989430336786,-0.035411103722968545,-0.8190504551655037,0.5103654337437722,0.492,no
cvd,no2_minus_50,Badagry,1.7256492623846487,1.7480440625403226,-0.0036025205103997204,-0.02239480015567384,-0.6533296285779135,0.4380936829923393,0.492,no
cvd,no2_minus_50,Epe,0.7432912165472118,0.7525232929892545,-0.003414808290750665,-0.009232076442042695,-0.37264470968686303,0.28948725845569445,0.492,no
cvd,no2_minus_50,Eti Osa,4.764717632483294,4.948152808738337,-0.026028277790435816,-0.18343517625504216,-3.793417604308039,2.334259366889648,0.492,no
cvd,no2_minus_50,Ibeju Lekki,0.18065465761073637,0.18149943355967313,-0.00035944060548116774,-0.0008447759489367669,-0.07744212972870679,0.07103922672191461,0.492,no
cvd,no2_minus_50,Ifako/Ijaye,16.07112253236064,17.200555633628067,-0.1370255627462229,-1.1294331012674272,-18.917014865671273,11.721888961349016,0.492,no
cvd,no2_minus_50,Ikeja,12.491324727935716,14.01486963309218,-0.1267203091052833,-1.5235449051564651,-21.62920588638855,9.231200039335013,0.492,no
cvd,no2_minus_50,Ikorodu,12.399082451959462,13.012252289291508,-0.087584714533393,-0.6131698373320449,-11.243001303461112,6.755644180823972,0.492,no
cvd,no2_minus_50,Kosofe,10.134866368140658,11.0358183023298,-0.10159294667096308,-0.900951934189139,-14.59520227132126,7.904109746970432,0.492,no
cvd,no2_minus_50,Lagos Island,0.670397200852251,0.7110507690397583,-0.004543391366759894,-0.040653568187507164,-0.7092457843917829,0.42104370288722254,0.492,no
cvd,no2_minus_50,Lagos Mainland,2.453785150586536,2.6742962613659036,-0.024117625368959894,-0.22051111077936783,-3.641889016026886,1.8580732250208456,0.492,no
cvd,no2_minus_50,Mushin,3.347112936739263,3.7256087391939574,-0.03185028436748505,-0.3784958024546944,-5.318505425087143,2.723640528082689,0.492,no
cvd,no2_minus_50,Ojo,6.837006365547177,6.911740625906634,-0.02918394374427069,-0.07473426035945684,-3.285097168637287,2.788325625147179,0.492,no
cvd,no2_minus_50,Oshodi/Isolo,8.39175469577803,8.954546366404523,-0.0731051786134922,-0.562791670626496,-10.350769620439928,5.926509087617542,0.492,no
cvd,no2_minus_50,Shomolu,2.627163548803689,2.9004461749547743,-0.026908580192622045,-0.27328262615108556,-4.468198254187771,2.235588640288957,0.492,no
cvd,no2_minus_50,Surulere,3.8512634818750757,4.135351772499876,-0.030642299902739645,-0.28408829062479957,-4.0358638619390685,2.496242931514888,0.492,no
cvd,no2_minus_50,LAGOS STATE,126.2309549847659,134.62041183672224,-1.0762274241643865,-8.389456851956332,-142.31329796087857,82.46276333164246,0.492,no
cvd,ndvi_plus_10,Agege,7.501790859262519,7.155920923921977,0.30460885889421796,0.3458699353405417,-0.2593516485164824,1.1061140746080964,0.892,no
cvd,ndvi_plus_10,Ajeromi/Ifelodun,0.13698552521656993,0.12984426868107687,0.004830724162476374,0.007141256535493047,-0.003752759555960376,0.03297138234516391,0.892,no
cvd,ndvi_plus_10,Alimosho,30.105688967490572,27.714556280571337,2.158326649313514,2.3911326869192355,-1.3767748684299248,7.382246457568072,0.892,no
cvd,ndvi_plus_10,Amuwo Odofin,1.0883077342729177,0.9807221404817883,0.09151480457103409,0.1075855937911293,-0.08756244562529893,0.3832016986227158,0.892,no
cvd,ndvi_plus_10,Apapa,0.7089896689189484,0.6697612805963941,0.031159595623449055,0.03922838832255421,-0.02265359111189984,0.14994593741012183,0.892,no
cvd,ndvi_plus_10,Badagry,1.7256492623846487,1.5069084068174001,0.18970588573407943,0.21874085556724845,-0.13085979025253092,0.6766444002404511,0.892,no
cvd,ndvi_plus_10,Epe,0.7432912165472118,0.6586245022516776,0.0728142026888487,0.08466671429553427,-0.05381166927877872,0.28323428582388216,0.892,no
cvd,ndvi_plus_10,Eti Osa,4.764717632483294,4.415022707591604,0.2983962366312427,0.3496949248916892,-0.20369444981713178,1.0791623480975019,0.892,no
cvd,ndvi_plus_10,Ibeju Lekki,0.18065465761073637,0.15841846422340217,0.014405404622955052,0.022236193387334173,-0.017668962535684646,0.09866020223874945,0.892,no
cvd,ndvi_plus_10,Ifako/Ijaye,16.07112253236064,15.100857194912631,0.851407441649441,0.9702653374480106,-0.6386065480374244,3.0633280683274786,0.892,no
cvd,ndvi_plus_10,Ikeja,12.491324727935716,11.765653951074688,0.6234552765955139,0.7256707768610275,-0.38846780656084035,2.427073522643422,0.892,no
cvd,ndvi_plus_10,Ikorodu,12.399082451959462,10.973888999319628,1.2306065930059775,1.4251934526398333,-0.9726459689910741,4.39753134415093,0.892,no
cvd,ndvi_plus_10,Kosofe,10.134866368140658,9.162227643650143,0.9088748783242715,0.9726387244905159,-0.6760120875461296,2.85038571346941,0.892,no
cvd,ndvi_plus_10,Lagos Island,0.670397200852251,0.6312674489599217,0.03118561072690182,0.03912975189232939,-0.017475435690987702,0.14542643620198817,0.892,no
cvd,ndvi_plus_10,Lagos Mainland,2.453785150586536,2.359141637930103,0.08235239891842211,0.09464351265643291,-0.0559983913370644,0.3169740189529303,0.892,no
cvd,ndvi_plus_10,Mushin,3.347112936739263,3.1744169994403144,0.1525114646919512,0.17269593729894822,-0.09835521409107063,0.5911782812946706,0.892,no
cvd,ndvi_plus_10,Ojo,6.837006365547177,6.059364716798755,0.6919606583661364,0.7776416487484221,-0.5646004069151017,2.3776614483650804,0.892,no
cvd,ndvi_plus_10,Oshodi/Isolo,8.39175469577803,7.775287133454779,0.5400973385855765,0.6164675623232493,-0.3877959724929391,1.8363746031870414,0.892,no
cvd,ndvi_plus_10,Shomolu,2.627163548803689,2.50213351115838,0.1069923465081275,0.1250300376453091,-0.081114196386925,0.4199664370775172,0.892,no
cvd,ndvi_plus_10,Surulere,3.8512634818750757,3.680980069302706,0.14274709363985005,0.1702834125723701,-0.09964743987189509,0.5577663943144624,0.892,no
cvd,ndvi_plus_10,LAGOS STATE,126.2309549847659,116.57499828113872,8.734106390819509,9.65595670362721,-6.189548307393285,28.95519278021359,0.892,no
cvd,ndvi_plus_20,Agege,7.501790859262519,6.835339239160856,0.5989942577657787,0.6664516201016628,-0.5283543085503645,2.1163023743216196,0.892,no
cvd,ndvi_plus_20,Ajeromi/Ifelodun,0.13698552521656993,0.12327103231022918,0.009297940973993175,0.01371449290634076,-0.007567796715805753,0.06261769088142519,0.892,no
cvd,ndvi_plus_20,Alimosho,30.105688967490572,25.617056377139487,4.150284637215789,4.488632590351083,-2.83598670013703,13.29822921004787,0.892,no
cvd,ndvi_plus_20,Amuwo Odofin,1.0883077342729177,0.8902831497287147,0.17314333340260268,0.198024584544203,-0.18117314017736386,0.6974550663378928,0.892,no
cvd,ndvi_plus_20,Apapa,0.7089896689189484,0.6339155731155333,0.05998779287432436,0.07507409580341516,-0.04621827599975048,0.28085065687385113,0.892,no
cvd,ndvi_plus_20,Badagry,1.7256492623846487,1.3309640549044333,0.35817806749170633,0.39468520748021535,-0.27360750589488475,1.2300082753333386,0.892,no
cvd,ndvi_plus_20,Epe,0.7432912165472118,0.5893151964420824,0.13590542633671424,0.15397602010512942,-0.11038936912399597,0.5053531097739006,0.892,no
cvd,ndvi_plus_20,Eti Osa,4.764717632483294,4.104888569013088,0.577507773220169,0.6598290634702061,-0.4185756448018334,2.0519269681932615,0.892,no
cvd,ndvi_plus_20,Ibeju Lekki,0.18065465761073637,0.1407736373535038,0.027167416027939238,0.03988102025723255,-0.03744461660756051,0.17982247428696405,0.892,no
cvd,ndvi_plus_20,Ifako/Ijaye,16.07112253236064,14.221626536477558,1.6496991256602627,1.849495995883085,-1.305808401360622,5.742213830788189,0.892,no
cvd,ndvi_plus_20,Ikeja,12.491324727935716,11.103953371619458,1.193289401728428,1.3873713563162569,-0.7930773943687524,4.526698255440714,0.892,no
cvd,ndvi_plus_20,Ikorodu,12.399082451959462,9.801851776450711,2.3216493440664987,2.597230675508753,-2.0344687308792713,8.012482407482874,0.892,no
cvd,ndvi_plus_20,Kosofe,10.134866368140658,8.336170049184474,1.7136517800580748,1.7986963189561833,-1.435547039505876,5.19914166876332,0.892,no
cvd,ndvi_plus_20,Lagos Island,0.670397200852251,0.5955994414660425,0.060908419771614875,0.07479775938620865,-0.03513811409430019,0.27660587525218017,0.892,no
cvd,ndvi_plus_20,Lagos Mainland,2.453785150586536,2.27016608428432,0.16225725831295845,0.1836190663022159,-0.11369087010378473,0.6105002974280682,0.892,no
cvd,ndvi_plus_20,Mushin,3.347112936739263,3.015264615712037,0.29709058969244373,0.3318483210272261,-0.20084052001468417,1.1274344149534266,0.892,no
cvd,ndvi_plus_20,Ojo,6.837006365547177,5.42212090559336,1.2880682638450245,1.4148854599538179,-1.1674975000671635,4.194167375192557,0.892,no
cvd,ndvi_plus_20,Oshodi/Isolo,8.39175469577803,7.229352855055577,1.0439316101418883,1.1624018407224517,-0.8041944734734415,3.440635460675547,0.892,no
cvd,ndvi_plus_20,Shomolu,2.627163548803689,2.38638549478539,0.20764173885783388,0.24077805401829883,-0.16567011036080695,0.8055749314138205,0.892,no
cvd,ndvi_plus_20,Surulere,3.8512634818750757,3.522091118933368,0.28022102045231234,0.32917236294170754,-0.20268402115847897,1.0785424576275222,0.892,no
cvd,ndvi_plus_20,LAGOS STATE,126.2309549847659,108.17038907873022,16.660943783756284,18.06056590603569,-12.786795834968661,52.741992121628115,0.892,no
cvd,ndvi_plus_50,Agege,7.501790859262519,6.006765636723629,1.4077002134110115,1.4950252225388905,-1.375783955634601,4.624400659807056,0.892,no
cvd,ndvi_plus_50,Ajeromi/Ifelodun,0.13698552521656993,0.10649665006089234,0.02108854457277814,0.03048887515567757,-0.019397022950336393,0.13692475373072283,0.892,no
cvd,ndvi_plus_50,Alimosho,30.105688967490572,20.735999673109923,8.94092518581257,9.369689294380647,-7.8408423285184385,27.120040009352834,0.892,no
cvd,ndvi_plus_50,Amuwo Odofin,1.0883077342729177,0.6964289511691786,0.364769307277527,0.3918787831037389,-0.5028875075627899,1.3063794357658272,0.892,no
cvd,ndvi_plus_50,Apapa,0.7089896689189484,0.543746217999441,0.133450965925537,0.16524345091950737,-0.12282866309863794,0.5935917061771221,0.892,no
cvd,ndvi_plus_50,Badagry,1.7256492623846487,0.9829567904835408,0.7056674219469097,0.7426924719011081,-0.7845011144666374,2.317462719949702,0.892,no
cvd,ndvi_plus_50,Epe,0.7432912165472118,0.44777808742165986,0.2737750173440626,0.29551312912555194,-0.3098557918053423,0.9277036203737667,0.892,no
cvd,ndvi_plus_50,Eti Osa,4.764717632483294,3.3678616275220747,1.2816767825816084,1.3968560049612198,-1.1368482880853759,4.356667984215269,0.892,no
cvd,ndvi_plus_50,Ibeju Lekki,0.18065465761073637,0.1069191956541467,0.05420540347761389,0.07373546195658964,-0.11209606589657231,0.34939291738496553,0.892,no
cvd,ndvi_plus_50,Ifako/Ijaye,16.07112253236064,12.045271057714322,3.7247093620085368,4.025851474646317,-3.492474774536317,11.803090575149508,0.892,no
cvd,ndvi_plus_50,Ikeja,12.491324727935716,9.446066396319205,2.7332511026635586,3.0452583316165103,-2.1108107819933974,9.549221857167197,0.892,no
cvd,ndvi_plus_50,Ikorodu,12.399082451959462,7.387219832856194,4.84520067458086,5.011862619103271,-5.806127615909328,14.674285009799465,0.892,no
cvd,ndvi_plus_50,Kosofe,10.134866368140658,6.528433653638116,3.5430418486767756,3.606432714502543,-4.16752372761146,10.278006058558596,0.892,no
cvd,ndvi_plus_50,Lagos Island,0.670397200852251,0.5062872502411606,0.13879183722252847,0.1641099506110905,-0.09066692618140008,0.5885686074619442,0.892,no
cvd,ndvi_plus_50,Lagos Mainland,2.453785150586536,2.0337950752196803,0.3820717914005256,0.4199900753668556,-0.29569598700071537,1.3902297902527894,0.892,no
cvd,ndvi_plus_50,Mushin,3.347112936739263,2.608356363382647,0.6694326379779076,0.7387565733566162,-0.5350279922205157,2.5179013689589005,0.892,no
cvd,ndvi_plus_50,Ojo,6.837006365547177,4.119451547357177,2.6186101433736244,2.7175548181900004,-3.4587261143720616,7.602258093290267,0.892,no
cvd,ndvi_plus_50,Oshodi/Isolo,8.39175469577803,5.935957289277838,2.29514047778168,2.455797406500189,-2.2655419126932608,7.224883697320748,0.892,no
cvd,ndvi_plus_50,Shomolu,2.627163548803689,2.087884743259468,0.47786685428626685,0.5392788055442211,-0.442174847754783,1.7549465379058793,0.892,no
cvd,ndvi_plus_50,Surulere,3.8512634818750757,3.1060176925809517,0.6437460974118498,0.7452457892941238,-0.5335625065716895,2.4177211497424564,0.892,no
cvd,ndvi_plus_50,LAGOS STATE,126.2309549847659,88.79969373199125,36.18467890378707,37.43126125277467,-35.39329075280084,107.22720087082767,0.892,no
cvd,combined_no2m20_ndvip20,Agege,7.501790859262519,6.790152081091756,0.5414596742335993,0.7116387781707626,-1.699225533119101,3.649820616404325,0.738,no
cvd,combined_no2m20_ndvip20,Ajeromi/Ifelodun,0.13698552521656993,0.12295049158078035,0.008762117940536114,0.014035033635789554,-0.008447723954706648,0.0686167276882086,0.864,no
cvd,combined_no2m20_ndvip20,Alimosho,30.105688967490572,25.441681400761567,3.971649971015067,4.664007566729002,-1.3542632141656499,14.019146477933221,0.92,no
cvd,combined_no2m20_ndvip20,Amuwo Odofin,1.0883077342729177,0.87989356854425,0.1699221057290112,0.20841416572866767,-0.033411420030048614,0.5988272030315049,0.946,no
cvd,combined_no2m20_ndvip20,Apapa,0.7089896689189484,0.6321221293633483,0.056978755360133054,0.07686753955559997,-0.07497105200504812,0.3621610288461863,0.85,no
cvd,combined_no2m20_ndvip20,Badagry,1.7256492623846487,1.3244499193111743,0.3615207716572809,0.40119934307347466,-0.15096152176516522,1.1960632518129668,0.912,no
cvd,combined_no2m20_ndvip20,Epe,0.7432912165472118,0.5845954186001311,0.13828309749066886,0.1586957979470808,-0.03609393433438756,0.4880205384998535,0.93,no
cvd,combined_no2m20_ndvip20,Eti Osa,4.764717632483294,4.095448443951856,0.5595884158011024,0.6692691885314384,-0.1353300061965642,2.008854600334504,0.936,no
cvd,combined_no2m20_ndvip20,Ibeju Lekki,0.18065465761073637,0.13948918243049757,0.02901637875380597,0.04116547518023879,-0.0178446888751424,0.16556231353181555,0.914,no
cvd,combined_no2m20_ndvip20,Ifako/Ijaye,16.07112253236064,14.186861477416281,1.6377608999589741,1.8842610549443604,-1.9956452269992753,6.680101493897312,0.826,no
cvd,combined_no2m20_ndvip20,Ikeja,12.491324727935716,11.158040650704368,1.1193727143207965,1.3332840772313475,-2.8222695607258568,5.8763718887136545,0.774,no
cvd,combined_no2m20_ndvip20,Ikorodu,12.399082451959462,9.729191542261164,2.410692230855672,2.669890909698299,-0.4110037402867042,7.183020520800313,0.952,no
cvd,combined_no2m20_ndvip20,Kosofe,10.134866368140658,8.24431487964982,1.650908295173612,1.8905514884908374,-0.7713660263440146,5.585929360208823,0.912,no
cvd,combined_no2m20_ndvip20,Lagos Island,0.670397200852251,0.5960034169876994,0.05845425328363918,0.07439378386455169,-0.07618709888184425,0.2935675769114114,0.85,no
cvd,combined_no2m20_ndvip20,Lagos Mainland,2.453785150586536,2.2820919156706823,0.14892068830212613,0.17169323491585356,-0.6398948833635709,0.9796563194491054,0.71,no
cvd,combined_no2m20_ndvip20,Mushin,3.347112936739263,3.029837803496784,0.25570761720562984,0.31727513324247897,-0.7971737129733945,1.535852126741017,0.752,no
cvd,combined_no2m20_ndvip20,Ojo,6.837006365547177,5.365223492541355,1.3317960972464384,1.4717828730058216,-0.32749277217609907,3.948845784737983,0.936,no
cvd,combined_no2m20_ndvip20,Oshodi/Isolo,8.39175469577803,7.174465053974107,1.0757719625878122,1.2172896418039214,-0.7745209578353679,4.098315015034885,0.868,no
cvd,combined_no2m20_ndvip20,Shomolu,2.627163548803689,2.3850656734019036,0.18153414917243071,0.24209787540178526,-0.618951628487395,1.3838827426431888,0.736,no
cvd,combined_no2m20_ndvip20,Surulere,3.8512634818750757,3.5396207345092234,0.256616655890447,0.3116427473658529,-0.6334276009919422,1.3550673145823762,0.772,no
cvd,combined_no2m20_ndvip20,LAGOS STATE,126.2309549847659,107.70149927624875,16.2394406574902,18.529455708517162,-8.744434569799733,58.169480267313574,0.892,no
dm,status_quo,Agege,26.84514262187635,26.84514262187635,0.0,0.0,0.0,0.0,0.0,no
dm,status_quo,Ajeromi/Ifelodun,0.28261952060115153,0.28261952060115153,0.0,0.0,0.0,0.0,0.0,no
dm,status_quo,Alimosho,131.15889613483714,131.15889613483714,0.0,0.0,0.0,0.0,0.0,no
dm,status_quo,Amuwo Odofin,10.173269611796924,10.173269611796924,0.0,0.0,0.0,0.0,0.0,no
dm,status_quo,Apapa,4.197072149282859,4.197072149282859,0.0,0.0,0.0,0.0,0.0,no
dm,status_quo,Badagry,7.761401016534588,7.761401016534588,0.0,0.0,0.0,0.0,0.0,no
dm,status_quo,Epe,1.1520039765156689,1.1520039765156689,0.0,0.0,0.0,0.0,0.0,no
dm,status_quo,Eti Osa,15.017116828627419,15.017116828627419,0.0,0.0,0.0,0.0,0.0,no
dm,status_quo,Ibeju Lekki,0.4610462482898077,0.4610462482898077,0.0,0.0,0.0,0.0,0.0,no
dm,status_quo,Ifako/Ijaye,57.21166324923632,57.21166324923632,0.0,0.0,0.0,0.0,0.0,no
dm,status_quo,Ikeja,70.38086558184521,70.38086558184521,0.0,0.0,0.0,0.0,0.0,no
dm,status_quo,Ikorodu,60.25237270735112,60.25237270735112,0.0,0.0,0.0,0.0,0.0,no
dm,status_quo,Kosofe,46.828790744768554,46.828790744768554,0.0,0.0,0.0,0.0,0.0,no
dm,status_quo,Lagos Island,2.3069773318115945,2.3069773318115945,0.0,0.0,0.0,0.0,0.0,no
dm,status_quo,Lagos Mainland,10.949801794465055,10.949801794465055,0.0,0.0,0.0,0.0,0.0,no
dm,status_quo,Mushin,12.678037139600683,12.678037139600683,0.0,0.0,0.0,0.0,0.0,no
dm,status_quo,Ojo,33.26342832990441,33.26342832990441,0.0,0.0,0.0,0.0,0.0,no
dm,status_quo,Oshodi/Isolo,25.75395251898482,25.75395251898482,0.0,0.0,0.0,0.0,0.0,no
dm,status_quo,Shomolu,14.864916322407122,14.864916322407122,0.0,0.0,0.0,0.0,0.0,no
dm,status_quo,Surulere,19.204815585548822,19.204815585548822,0.0,0.0,0.0,0.0,0.0,no
dm,status_quo,LAGOS STATE,550.7441894142856,550.7441894142856,0.0,0.0,0.0,0.0,0.0,no
dm,no2_minus_10,Agege,26.84514262187635,25.865625464526254,0.7280930111704205,0.9795171573500929,-2.18539288990964,5.51767612256965,0.702,no
dm,no2_minus_10,Ajeromi/Ifelodun,0.28261952060115153,0.27674331596988666,0.002943241480261538,0.005876204631264846,-0.015036687768764302,0.04322680163001667,0.702,no
dm,no2_minus_10,Alimosho,131.15889613483714,127.79538124919227,2.5500103289903535,3.363514885644845,-7.792417426961308,19.064619027003353,0.702,no
dm,no2_minus_10,Amuwo Odofin,10.173269611796924,9.992970914553528,0.13238299768452721,0.18029869724339623,-0.3837020629638859,1.044901947252605,0.702,no
dm,no2_minus_10,Apapa,4.197072149282859,4.0993539332536795,0.07660529636540814,0.0977182160291802,-0.24397207747746355,0.6032361334493838,0.702,no
dm,no2_minus_10,Badagry,7.761401016534588,7.682073053420471,0.05860300185724765,0.07932796311411855,-0.19192734209071877,0.4991566189238503,0.702,no
dm,no2_minus_10,Epe,1.1520039765156689,1.136139126377374,0.008451413416113579,0.015864850138294955,-0.03226110646625741,0.09502450992242377,0.702,no
dm,no2_minus_10,Eti Osa,15.017116828627419,14.713765288147112,0.22643081199530402,0.303351540480307,-0.7194834428300199,1.780677452113513,0.702,no
dm,no2_minus_10,Ibeju Lekki,0.4610462482898077,0.4554947921263573,0.0026725455312037183,0.005551456163450508,-0.011497038990170185,0.037718763672129826,0.702,no
dm,no2_minus_10,Ifako/Ijaye,57.21166324923632,55.494786064353036,1.3450243710858345,1.7168771848832765,-3.873389499850797,9.779514521898335,0.702,no
dm,no2_minus_10,Ikeja,70.38086558184521,67.97271596811919,1.9262508759546257,2.408149613726029,-6.515527161053911,14.200004108471461,0.702,no
dm,no2_minus_10,Ikorodu,60.25237270735112,58.88803454496204,1.0781700148141908,1.364338162389084,-3.341305274876783,7.7076260240489,0.702,no
dm,no2_minus_10,Kosofe,46.828790744768554,45.239895030361005,1.2310017462178795,1.5888957144075544,-4.03588657713607,8.784719878582822,0.702,no
dm,no2_minus_10,Lagos Island,2.3069773318115945,2.250955536171119,0.044461449431597355,0.05602179564047523,-0.15606148199603062,0.3209525094065909,0.702,no
dm,no2_minus_10,Lagos Mainland,10.949801794465055,10.6401661072153,0.2659968259885872,0.3096356872497554,-0.9819620975530711,1.875467789223204,0.702,no
dm,no2_minus_10,Mushin,12.678037139600683,12.268129883682601,0.3382400452804455,0.40990725591808125,-1.1371723178260849,2.437924197312324,0.702,no
dm,no2_minus_10,Ojo,33.26342832990441,32.76974806492109,0.3672060354499589,0.49368026498331413,-1.0752346530230508,2.7173304392439404,0.702,no
dm,no2_minus_10,Oshodi/Isolo,25.75395251898482,24.998962164257676,0.6205745151907189,0.7549903547271483,-1.956991424566854,4.261296407539101,0.702,no
dm,no2_minus_10,Shomolu,14.864916322407122,14.344146383375588,0.4181538443782671,0.520769939031533,-1.2378483531836686,2.938910743385242,0.702,no
dm,no2_minus_10,Surulere,19.204815585548822,18.722091383977933,0.41972544607420925,0.4827242015708873,-1.386581645805138,2.734086320117099,0.702,no
dm,no2_minus_10,LAGOS STATE,550.7441894142856,535.6071782689635,11.93502055597449,15.13701114532209,-38.46577419187139,87.5171559540794,0.702,no
dm,no2_minus_20,Agege,26.84514262187635,25.013865458029635,1.424205656539895,1.831277163846716,-4.598057725035814,10.460802971783151,0.702,no
dm,no2_minus_20,Ajeromi/Ifelodun,0.28261952060115153,0.27133927000840774,0.005801307107117931,0.0112802505927438,-0.03076274859988057,0.08443935628514959,0.702,no
dm,no2_minus_20,Alimosho,131.15889613483714,124.74428077119681,5.047820576345465,6.414615363640307,-16.064609873508946,37.01572193564187,0.702,no
dm,no2_minus_20,Amuwo Odofin,10.173269611796924,9.824033306869525,0.2627033440620843,0.3492363049274003,-0.7843514753030256,2.0230425869150426,0.702,no
dm,no2_minus_20,Apapa,4.197072149282859,4.010942042262166,0.15032458348765143,0.18613010702069324,-0.495246339716959,1.1467649212262638,0.702,no
dm,no2_minus_20,Badagry,7.761401016534588,7.605646617164617,0.11593773297664256,0.15575439936997157,-0.3878965093626386,0.985095484119009,0.702,no
dm,no2_minus_20,Epe,1.1520039765156689,1.1210366724744936,0.016777039362275314,0.03096730404117531,-0.06519400254884274,0.18514615907720453,0.702,no
dm,no2_minus_20,Eti Osa,15.017116828627419,14.433097281194293,0.4482965995182182,0.5840195474331265,-1.4737190346925466,3.4035973352636066,0.702,no
dm,no2_minus_20,Ibeju Lekki,0.4610462482898077,0.45016030765428705,0.0052994946398123854,0.010885940635520692,-0.02322621131417881,0.07414614915930236,0.702,no
dm,no2_minus_20,Ifako/Ijaye,57.21166324923632,53.96281702048589,2.6651633652023037,3.2488462287504185,-8.07444302865931,18.504160854022516,0.702,no
dm,no2_minus_20,Ikeja,70.38086558184521,65.89372779891458,3.7748375915233474,4.487137782930621,-13.566239279364684,26.712376889828825,0.702,no
dm,no2_minus_20,Ikorodu,60.25237270735112,57.637337854106654,2.1282123326732822,2.6150348532444587,-6.869637843138916,14.894112737742828,0.702,no
dm,no2_minus_20,Kosofe,46.828790744768554,43.848555310235255,2.4075574454053683,2.980235434533297,-8.380757307669741,16.49983012474015,0.702,no
dm,no2_minus_20,Lagos Island,2.3069773318115945,2.200410693047298,0.08740651768403962,0.1065666387642962,-0.319371385717811,0.609665852895633,0.702,no
dm,no2_minus_20,Lagos Mainland,10.949801794465055,10.368395622559525,0.525426486930574,0.5814061719055291,-2.0459785793560568,3.5574616987174426,0.702,no
dm,no2_minus_20,Mushin,12.678037139600683,11.913864984478899,0.664636813219019,0.764172155121786,-2.3909486970928464,4.657115759314905,0.702,no
dm,no2_minus_20,Ojo,33.26342832990441,32.30189913525519,0.7289327532090768,0.9615291946492177,-2.1937520309483043,5.34032134039481,0.702,no
dm,no2_minus_20,Oshodi/Isolo,25.75395251898482,24.329296683969762,1.216481760360912,1.4246558350150598,-4.065018567694995,8.12078865011598,0.702,no
dm,no2_minus_20,Shomolu,14.864916322407122,13.894358112603328,0.8177311337054274,0.9705582098037953,-2.6195528973743425,5.598587997826242,0.702,no
dm,no2_minus_20,Surulere,19.204815585548822,18.29127206360142,0.8236024753011701,0.9135435219474015,-2.862710560244538,5.231537758033127,0.702,no
dm,no2_minus_20,LAGOS STATE,550.7441894142856,522.1163370061121,23.4930529129517,28.627852408173535,-79.86052790781741,166.40523664069107,0.702,no
dm,no2_minus_50,Agege,26.84514262187635,23.12994811836354,3.3746562805864535,3.71519450351281,-13.461697863376068,22.11609176960505,0.702,no
dm,no2_minus_50,Ajeromi/Ifelodun,0.28261952060115153,0.2577358230966133,0.013729466550159428,0.024883697504538223,-0.0828169569536614,0.1947448325307529,0.702,no
dm,no2_minus_50,Alimosho,131.15889613483714,117.29342268124726,12.275203460995037,13.86547345358986,-44.134390625270484,84.37495543573867,0.702,no
dm,no2_minus_50,Amuwo Odofin,10.173269611796924,9.380922565364985,0.641619591941216,0.7923470464319409,-2.124743322523493,4.598245249135672,0.702,no
dm,no2_minus_50,Apapa,4.197072149282859,3.796919285448829,0.36151635814894756,0.4001528638340305,-1.3100136798198792,2.528594594359677,0.702,no
dm,no2_minus_50,Badagry,7.761401016534588,7.393091396971726,0.2828460302125504,0.3683096195628633,-1.0010176671422177,2.367090082363056,0.702,no
dm,no2_minus_50,Epe,1.1520039765156689,1.0800697670054034,0.04133222755649443,0.07193420951026573,-0.16859858606718905,0.43456395582999463,0.702,no
dm,no2_minus_50,Eti Osa,15.017116828627419,13.717161739950953,1.0750375316051037,1.2999550886764646,-3.9650144196026686,7.656785216325925,0.702,no
dm,no2_minus_50,Ibeju Lekki,0.4610462482898077,0.43540263649510763,0.013083009986673791,0.02564361179470015,-0.05986798454239508,0.1770932691737615,0.702,no
dm,no2_minus_50,Ifako/Ijaye,57.21166324923632,50.359931172826485,6.366308419082083,6.851732076409821,-22.44240111757611,41.5359389037771,0.702,no
dm,no2_minus_50,Ikeja,70.38086558184521,61.39808496162655,9.015232861058681,8.982780620218653,-38.425438306512994,57.48858082736188,0.702,no
dm,no2_minus_50,Ikorodu,60.25237270735112,54.510741956410364,5.112278072991202,5.741630750940755,-18.762219463277095,34.40936956036286,0.702,no
dm,no2_minus_50,Kosofe,46.828790744768554,40.72210557681811,5.6350114559162545,6.106685167950449,-23.55411266600217,35.5300345076204,0.702,no
dm,no2_minus_50,Lagos Island,2.3069773318115945,2.0786675327710835,0.20868550722353996,0.22830979904051094,-0.8669627999025041,1.3419815572105953,0.702,no
dm,no2_minus_50,Lagos Mainland,10.949801794465055,9.757676721545735,1.2461247976585237,1.1921250729193194,-5.568942909874291,7.639802674064188,0.702,no
dm,no2_minus_50,Mushin,12.678037139600683,11.147444349708264,1.5840490997407284,1.5305927898924192,-6.981321026277824,9.929941438914408,0.702,no
dm,no2_minus_50,Ojo,33.26342832990441,31.04474937840875,1.7782213840027525,2.2186789514956557,-5.826781628682386,12.477143799947576,0.702,no
dm,no2_minus_50,Oshodi/Isolo,25.75395251898482,22.779114280782117,2.8961037467156006,2.9748382382027074,-11.312654328398612,17.654253095048748,0.702,no
dm,no2_minus_50,Shomolu,14.864916322407122,12.919559726988536,1.9135885401681474,1.9453565954185859,-7.849175567896866,11.996408046234986,0.702,no
dm,no2_minus_50,Surulere,19.204815585548822,17.281972425141795,1.9431901819481427,1.9228431604070297,-7.9285865927291646,12.124772362972466,0.702,no
dm,no2_minus_50,LAGOS STATE,550.7441894142856,490.4847220969722,56.27575951852775,60.25946731731338,-222.5461794209817,368.2897667432785,0.702,no
dm,ndvi_plus_10,Agege,26.84514262187635,26.40391345409267,0.34272336312706564,0.4412291677836798,-0.8703377248597346,2.462494205540967,0.722,no
dm,ndvi_plus_10,Ajeromi/Ifelodun,0.28261952060115153,0.2766935912444979,0.00236316501337238,0.005925929356653634,-0.010050329977786671,0.04436747696938701,0.722,no
dm,ndvi_plus_10,Alimosho,131.15889613483714,127.49716512244615,2.970374038514091,3.661731012390964,-7.228366554624839,19.84800121208593,0.722,no
dm,ndvi_plus_10,Amuwo Odofin,10.173269611796924,9.819443589427648,0.3008084018323287,0.35382602236927585,-0.7166463228774509,1.9970041560394256,0.722,no
dm,ndvi_plus_10,Apapa,4.197072149282859,4.111867683135179,0.06033730271779736,0.08520446614768087,-0.14315421532022182,0.48659604875745033,0.722,no
dm,ndvi_plus_10,Badagry,7.761401016534588,7.420719082784772,0.2847128246513697,0.3406819337498165,-0.7225954888541531,1.8577126249062825,0.722,no
dm,ndvi_plus_10,Epe,1.1520039765156689,1.1072876807225989,0.03570819247104934,0.04471629579307007,-0.13117920262530922,0.2604882721124473,0.722,no
dm,ndvi_plus_10,Eti Osa,15.017116828627419,14.638398728865857,0.306594499978011,0.37871809976156195,-0.7201494445631567,2.2404981109234576,0.722,no
dm,ndvi_plus_10,Ibeju Lekki,0.4610462482898077,0.4419780802177577,0.01244539428337546,0.019068168072050116,-0.06357844298106695,0.12280790394813416,0.722,no
dm,ndvi_plus_10,Ifako/Ijaye,57.21166324923632,56.01134344692856,0.9486383593846597,1.2003198023077621,-2.4492657332181755,6.777890064988318,0.722,no
dm,ndvi_plus_10,Ikeja,70.38086558184521,68.92911355450318,1.078180503475437,1.4517520273420368,-2.5379502005685266,8.003551497172978,0.722,no
dm,ndvi_plus_10,Ikorodu,60.25237270735112,57.8430953442831,1.9932663464082232,2.409277363068011,-5.085381924376479,13.321463484369731,0.722,no
dm,ndvi_plus_10,Kosofe,46.828790744768554,45.27683067659847,1.3067862424764147,1.5519600681700827,-3.348519427553102,8.551213391279505,0.722,no
dm,ndvi_plus_10,Lagos Island,2.3069773318115945,2.259879704457507,0.034518178773285446,0.04709762735408742,-0.08369625847247114,0.29135323537044383,0.722,no
dm,ndvi_plus_10,Lagos Mainland,10.949801794465055,10.792794825188553,0.11311729622695799,0.15700696927650237,-0.25112547584077377,0.9333950412589215,0.722,no
dm,ndvi_plus_10,Mushin,12.678037139600683,12.443746860394983,0.1801519360920696,0.2342902792057015,-0.38305982544555356,1.360338942310281,0.722,no
dm,ndvi_plus_10,Ojo,33.26342832990441,31.908648116270147,1.1434780147561838,1.354780213634261,-3.0947517032028604,7.5031169984529775,0.722,no
dm,ndvi_plus_10,Oshodi/Isolo,25.75395251898482,25.089113649751052,0.5417333406973963,0.6648388692337664,-1.2398370448032703,3.6250247986269906,0.722,no
dm,ndvi_plus_10,Shomolu,14.864916322407122,14.614619065775898,0.18826843032981255,0.2502972566312245,-0.482134389559004,1.4244633973922056,0.722,no
dm,ndvi_plus_10,Surulere,19.204815585548822,18.891827668002477,0.219812395865441,0.3129879175463409,-0.4990426911944033,1.782159178311551,0.722,no
dm,ndvi_plus_10,LAGOS STATE,550.7441894142856,535.7784799250911,12.260469960127834,14.96570948919453,-29.992914325868828,83.4274895982197,0.722,no
dm,ndvi_plus_20,Agege,26.84514262187635,25.988481402619136,0.6789514124461515,0.8566612192572126,-1.7608537537375728,4.784318693054488,0.722,no
dm,ndvi_plus_20,Ajeromi/Ifelodun,0.28261952060115153,0.2711357105549202,0.004687637437822648,0.011483810046231368,-0.020270626838327987,0.08539713349627173,0.722,no
dm,ndvi_plus_20,Alimosho,131.15889613483714,124.19983837053745,5.8443856955479845,6.959057764299676,-14.799919867860394,37.54845143500916,0.722,no
dm,ndvi_plus_20,Amuwo Odofin,10.173269611796924,9.514446824471651,0.5933613161646161,0.6588227873252718,-1.4750462155430848,3.762502790322312,0.722,no
dm,ndvi_plus_20,Apapa,4.197072149282859,4.032477016904075,0.11898259281496149,0.1645951323787845,-0.29190782383650754,0.9462608343790129,0.722,no
dm,ndvi_plus_20,Badagry,7.761401016534588,7.1376727009777365,0.5524068935262874,0.6237283155568515,-1.5085519729046701,3.498326949254231,0.722,no
dm,ndvi_plus_20,Epe,1.1520039765156689,1.0697266350155956,0.07013682043691,0.08227734150007326,-0.27700113785039304,0.49277505620296486,0.722,no
dm,ndvi_plus_20,Eti Osa,15.017116828627419,14.294869329627327,0.6028690951341944,0.7222474990000902,-1.4731936286705862,4.3072881555358515,0.722,no
dm,ndvi_plus_20,Ibeju Lekki,0.4610462482898077,0.42653601876946895,0.02404860830663208,0.034510229520338796,-0.1362378870183905,0.22477256464854878,0.722,no
dm,ndvi_plus_20,Ifako/Ijaye,57.21166324923632,54.9012654557554,1.8727791541040943,2.310397793480915,-4.979204726223244,12.83918453857679,0.722,no
dm,ndvi_plus_20,Ikeja,70.38086558184521,67.57801495045086,2.141902390512719,2.8028506313943415,-5.219473197700823,15.391306021190477,0.722,no
dm,ndvi_plus_20,Ikorodu,60.25237270735112,55.7915136640861,3.926149524291908,4.46085904326502,-10.658773094440368,24.462107932771694,0.722,no
dm,ndvi_plus_20,Kosofe,46.828790744768554,43.92230998233226,2.567614140134687,2.906480762436297,-6.947496224878379,15.81607775850014,0.722,no
dm,ndvi_plus_20,Lagos Island,2.3069773318115945,2.216090232954628,0.06833887230014846,0.0908870988569668,-0.16978962176639625,0.5652073512680601,0.722,no
dm,ndvi_plus_20,Lagos Mainland,10.949801794465055,10.642914061733679,0.22507314128967382,0.30688773273137754,-0.5077186521911417,1.8305089831165091,0.722,no
dm,ndvi_plus_20,Mushin,12.678037139600683,12.223973332204945,0.35612820776347487,0.45406380739573876,-0.7798925417304349,2.6455686946684858,0.722,no
dm,ndvi_plus_20,Ojo,33.26342832990441,30.759734613561683,2.232151321901167,2.503693716342721,-6.452867174604398,13.845665838529623,0.722,no
dm,ndvi_plus_20,Oshodi/Isolo,25.75395251898482,24.485782833894874,1.0688276156769883,1.2681696850899449,-2.546381057646336,6.845863166700662,0.722,no
dm,ndvi_plus_20,Shomolu,14.864916322407122,14.378960222933124,0.37267173821160027,0.4859560994739985,-0.9773867488460067,2.772336321031817,0.722,no
dm,ndvi_plus_20,Surulere,19.204815585548822,18.595066873404917,0.43638145682605955,0.6097487121439032,-1.0116891362164178,3.451653159876328,0.722,no
dm,ndvi_plus_20,LAGOS STATE,550.7441894142856,522.4308102327898,24.223995164315177,28.31337918149575,-61.52890806290721,158.98620927798535,0.722,no
dm,ndvi_plus_50,Agege,26.84514262187635,24.88604181690088,1.664293499054005,1.9591008049754701,-4.570019581475831,11.054023593217083,0.722,no
dm,ndvi_plus_50,Ajeromi/Ifelodun,0.28261952060115153,0.256489777891941,0.011488349117799501,0.026129742709210525,-0.05175147575121556,0.19971133729918442,0.722,no
dm,ndvi_plus_50,Alimosho,131.15889613483714,116.2450000851498,14.104743447357027,14.913896049687317,-41.0381007170047,83.46092889701232,0.722,no
dm,ndvi_plus_50,Amuwo Odofin,10.173269611796924,8.851805409741592,1.403230851964122,1.3214642020553324,-4.052155667933249,7.6756975653668365,0.722,no
dm,ndvi_plus_50,Apapa,4.197072149282859,3.8262670294307806,0.28758660136073644,0.3708051198520794,-0.766988161357021,2.1603431510622078,0.722,no
dm,ndvi_plus_50,Badagry,7.761401016534588,6.577591354976721,1.2823428514523523,1.1838096615578673,-4.352426955625628,7.0965222569496875,0.722,no
dm,ndvi_plus_50,Epe,1.1520039765156689,0.9936042779431326,0.1638291930872901,0.1583996985725364,-0.7682108555174701,1.062731681063936,0.722,no
dm,ndvi_plus_50,Eti Osa,15.017116828627419,13.453243794280418,1.4278678962841718,1.5638730343470013,-3.9305872928232115,9.294931529086336,0.722,no
dm,ndvi_plus_50,Ibeju Lekki,0.4610462482898077,0.39869839409363783,0.053705012519320416,0.062347854196169956,-0.4227656975190356,0.4649214338449953,0.722,no
dm,ndvi_plus_50,Ifako/Ijaye,57.21166324923632,52.06428775281243,4.5456857055130016,5.147375496423882,-13.080219565093932,28.62862026658391,0.722,no
dm,ndvi_plus_50,Ikeja,70.38086558184521,64.07679154513522,5.238013067184486,6.304074036709979,-14.278818431704474,35.32523163986812,0.722,no
dm,ndvi_plus_50,Ikorodu,60.25237270735112,51.44826864592831,9.368347600488834,8.804104061422805,-30.726715020270767,48.808734981812485,0.722,no
dm,ndvi_plus_50,Kosofe,46.828790744768554,40.885017564993156,6.106268167191843,5.943773179775398,-19.209473821971645,33.476994330695334,0.722,no
dm,ndvi_plus_50,Lagos Island,2.3069773318115945,2.1028656896143643,0.16610609661422732,0.20411164219723008,-0.4439639106114313,1.2921272190250175,0.722,no
dm,ndvi_plus_50,Lagos Mainland,10.949801794465055,10.233440458512854,0.5532469647163176,0.7163613359522011,-1.3115078720295268,4.260888228853151,0.722,no
dm,ndvi_plus_50,Mushin,12.678037139600683,11.64500090632759,0.8672526322302474,1.033036233273091,-2.0862079127765734,6.084793000445663,0.722,no
dm,ndvi_plus_50,Ojo,33.26342832990441,28.352757633761186,5.208086597144453,4.910670696143218,-18.30010292520696,28.075680274307977,0.722,no
dm,ndvi_plus_50,Oshodi/Isolo,25.75395251898482,23.005734212225224,2.5570963538414713,2.748218306759596,-6.986921059927843,14.516598777986589,0.722,no
dm,ndvi_plus_50,Shomolu,14.864916322407122,13.753489969748284,0.9123677590364769,1.1114263526588375,-2.5393112101047537,6.3490905571227785,0.722,no
dm,ndvi_plus_50,Surulere,19.204815585548822,17.795477661784798,1.06725961091169,1.409337923764027,-2.6617889262745256,7.918837747985347,0.722,no
dm,ndvi_plus_50,LAGOS STATE,550.7441894142856,490.8518739812523,57.27523208519051,59.89231543303325,-169.23578862731176,334.22484684019076,0.722,no
dm,combined_no2m20_ndvip20,Agege,26.84514262187635,24.134557842288427,2.169872161394724,2.7105847795879168,-2.3770716207961793,11.25775145159553,0.84,no
dm,combined_no2m20_ndvip20,Ajeromi/Ifelodun,0.28261952060115153,0.2597136410210217,0.011213883359403789,0.022905879580129886,-0.008451030323087572,0.12591510886854737,0.88,no
dm,combined_no2m20_ndvip20,Alimosho,131.15889613483714,117.64898369137988,10.77426140480641,13.509912443457239,-5.082722559391906,45.415671487841195,0.878,no
dm,combined_no2m20_ndvip20,Amuwo Odofin,10.173269611796924,9.153784586450472,0.8181077311170843,1.019485025346452,-0.7672580154123183,3.8773161293518776,0.842,no
dm,combined_no2m20_ndvip20,Apapa,4.197072149282859,3.8431009963783804,0.27488708334502254,0.3539711529044793,-0.19194778672347657,1.285055038884886,0.88,no
dm,combined_no2m20_ndvip20,Badagry,7.761401016534588,6.976008177348935,0.6598916993860775,0.7853928391856536,-1.0012456836842616,3.220458581629987,0.792,no
dm,combined_no2m20_ndvip20,Epe,1.1520039765156689,1.0376283971454405,0.08952514963004474,0.11437557937022853,-0.15636066305164603,0.5559889963337942,0.804,no
dm,combined_no2m20_ndvip20,Eti Osa,15.017116828627419,13.698883215566209,1.0728569142417834,1.3182336130612096,-0.6169491631741428,4.569888294652956,0.864,no
dm,combined_no2m20_ndvip20,Ibeju Lekki,0.4610462482898077,0.41514215140409316,0.03158688234846121,0.04590409688571457,-0.07744319009979964,0.25172094864972755,0.794,no
dm,combined_no2m20_ndvip20,Ifako/Ijaye,57.21166324923632,51.601444505727095,4.603351644899071,5.610218743509214,-3.562012906878049,21.316565859535544,0.874,no
dm,combined_no2m20_ndvip20,Ikeja,70.38086558184521,63.01237886238614,6.219342692857701,7.368486719459066,-6.780039897115905,28.288229154913324,0.856,no
dm,combined_no2m20_ndvip20,Ikorodu,60.25237270735112,53.08606653028948,5.598479547245949,7.166306177061635,-4.749768789520603,26.074526833681954,0.856,no
dm,combined_no2m20_ndvip20,Kosofe,46.828790744768554,40.84793291601553,4.885548539922139,5.980857828753014,-2.625276382561896,20.886815516183717,0.878,no
dm,combined_no2m20_ndvip20,Lagos Island,2.3069773318115945,2.1078264178206445,0.14591129124455404,0.19915091399095003,-0.1330521613612269,0.8058075566442615,0.88,no
dm,combined_no2m20_ndvip20,Lagos Mainland,10.949801794465055,10.054514569791786,0.7433774132351623,0.8952872246732692,-1.074230758000544,3.720452167615624,0.83,no
dm,combined_no2m20_ndvip20,Mushin,12.678037139600683,11.446833912555467,1.0172649413546377,1.2312032270452151,-1.3347339656780095,4.670832941073411,0.85,no
dm,combined_no2m20_ndvip20,Ojo,33.26342832990441,29.767872629109977,2.8360651866778586,3.49555570079443,-3.4870607529092155,14.281313736612994,0.812,no
dm,combined_no2m20_ndvip20,Oshodi/Isolo,25.75395251898482,23.029366239352278,2.2558319891529983,2.7245862796325393,-1.580102171859531,9.353668629121465,0.878,no
dm,combined_no2m20_ndvip20,Shomolu,14.864916322407122,13.394552021471458,1.2609199821331591,1.4703643009356635,-1.5226688410166778,6.008521643485487,0.84,no
dm,combined_no2m20_ndvip20,Surulere,19.204815585548822,17.669340139549295,1.2767124056469594,1.535475445999526,-1.5289848755480258,5.78409849129473,0.856,no
dm,combined_no2m20_ndvip20,LAGOS STATE,550.7441894142856,493.185931443052,46.4986553557675,57.558257971233544,-25.581246574342874,193.21018429621762,0.88,no
